code,name,market,secid,date,open,close,high,low,volume,amount,amplitude,pct_chg,chg,turnover,meta_decimal,meta_dktotal,meta_preKPrice
688623,双元科技,1,1.688623,2023-06-08,116.98,99.37,116.98,97.98,53529,562903534.00,15.46,-19.12,-23.49,39.83,2,634,122.86
688623,双元科技,1,1.688623,2023-06-09,96.99,93.07,98.84,92.98,34659,338880441.00,5.90,-6.34,-6.30,25.79,2,634,122.86
688623,双元科技,1,1.688623,2023-06-12,92.93,93.08,93.76,90.76,21276,202245935.00,3.22,0.01,0.01,15.83,2,634,122.86
688623,双元科技,1,1.688623,2023-06-13,92.86,94.38,96.57,91.58,21253,206221191.00,5.36,1.40,1.30,15.81,2,634,122.86
688623,双元科技,1,1.688623,2023-06-14,94.00,91.78,94.53,91.64,16358,156382081.00,3.06,-2.75,-2.60,12.17,2,634,122.86
688623,双元科技,1,1.688623,2023-06-15,91.76,90.66,91.84,88.99,15100,141097128.00,3.11,-1.22,-1.12,11.24,2,634,122.86
688623,双元科技,1,1.688623,2023-06-16,90.66,91.04,91.86,90.31,9853,92772929.00,1.71,0.42,0.38,7.33,2,634,122.86
688623,双元科技,1,1.688623,2023-06-19,90.65,91.45,92.94,90.49,12547,119312759.00,2.69,0.45,0.41,9.34,2,634,122.86
688623,双元科技,1,1.688623,2023-06-20,90.88,91.75,92.42,89.39,15150,141913753.00,3.31,0.33,0.30,11.27,2,634,122.86
688623,双元科技,1,1.688623,2023-06-21,91.75,89.78,92.58,89.73,12074,113607624.00,3.11,-2.15,-1.97,8.98,2,634,122.86
688623,双元科技,1,1.688623,2023-06-26,89.98,90.13,91.35,87.51,10598,97998893.00,4.28,0.39,0.35,7.89,2,634,122.86
688623,双元科技,1,1.688623,2023-06-27,89.83,89.10,90.31,88.16,7824,71950272.00,2.39,-1.14,-1.03,5.82,2,634,122.86
688623,双元科技,1,1.688623,2023-06-28,89.28,86.28,89.28,85.24,9786,87903959.00,4.53,-3.16,-2.82,7.28,2,634,122.86
688623,双元科技,1,1.688623,2023-06-29,86.44,87.36,88.68,86.14,6811,61621496.00,2.94,1.25,1.08,5.07,2,634,122.86
688623,双元科技,1,1.688623,2023-06-30,87.12,88.85,89.44,86.42,7725,70680441.00,3.46,1.71,1.49,5.58,2,634,122.86
688623,双元科技,1,1.688623,2023-07-03,88.34,89.18,89.78,88.34,5331,49158967.00,1.62,0.37,0.33,3.85,2,634,122.86
688623,双元科技,1,1.688623,2023-07-04,89.17,89.98,90.47,88.80,6073,56470885.00,1.87,0.90,0.80,4.39,2,634,122.86
688623,双元科技,1,1.688623,2023-07-05,90.13,88.52,90.43,88.50,5459,50314365.00,2.14,-1.62,-1.46,3.95,2,634,122.86
688623,双元科技,1,1.688623,2023-07-06,88.48,87.98,88.95,87.63,4392,40024421.00,1.49,-0.61,-0.54,3.17,2,634,122.86
688623,双元科技,1,1.688623,2023-07-07,87.74,86.97,88.26,86.76,4274,38579885.00,1.70,-1.15,-1.01,3.09,2,634,122.86
688623,双元科技,1,1.688623,2023-07-10,86.99,88.26,89.23,86.99,4373,39914438.00,2.58,1.48,1.29,3.16,2,634,122.86
688623,双元科技,1,1.688623,2023-07-11,88.31,88.52,89.24,87.71,3223,29503970.00,1.73,0.29,0.26,2.33,2,634,122.86
688623,双元科技,1,1.688623,2023-07-12,88.52,88.12,88.78,88.08,2736,24985831.00,0.79,-0.45,-0.40,1.98,2,634,122.86
688623,双元科技,1,1.688623,2023-07-13,88.12,88.74,89.16,87.59,4967,45441549.00,1.78,0.70,0.62,3.59,2,634,122.86
688623,双元科技,1,1.688623,2023-07-14,88.58,89.43,90.05,88.29,5269,48687481.00,1.98,0.78,0.69,3.81,2,634,122.86
688623,双元科技,1,1.688623,2023-07-17,89.38,87.34,89.38,87.06,5348,48598523.00,2.59,-2.34,-2.09,3.87,2,634,122.86
688623,双元科技,1,1.688623,2023-07-18,87.40,86.68,88.19,86.66,4909,44251623.00,1.75,-0.76,-0.66,3.55,2,634,122.86
688623,双元科技,1,1.688623,2023-07-19,86.68,85.94,87.21,85.79,6199,55306251.00,1.64,-0.85,-0.74,4.48,2,634,122.86
688623,双元科技,1,1.688623,2023-07-20,86.28,88.08,89.44,85.86,9815,89467459.00,4.17,2.49,2.14,7.09,2,634,122.86
688623,双元科技,1,1.688623,2023-07-21,87.08,85.02,87.10,84.58,8156,72130356.00,2.86,-3.47,-3.06,5.90,2,634,122.86
688623,双元科技,1,1.688623,2023-07-24,84.78,84.98,85.33,84.58,3201,28153870.00,0.88,-0.05,-0.04,2.31,2,634,122.86
688623,双元科技,1,1.688623,2023-07-25,85.76,86.43,86.75,85.10,4791,42662254.00,1.94,1.71,1.45,3.46,2,634,122.86
688623,双元科技,1,1.688623,2023-07-26,86.18,85.26,86.54,85.16,3696,32754615.00,1.60,-1.35,-1.17,2.67,2,634,122.86
688623,双元科技,1,1.688623,2023-07-27,85.39,84.81,85.51,84.78,2842,25035955.00,0.86,-0.53,-0.45,2.05,2,634,122.86
688623,双元科技,1,1.688623,2023-07-28,84.79,84.85,84.89,83.81,4128,36078086.00,1.27,0.05,0.04,2.98,2,634,122.86
688623,双元科技,1,1.688623,2023-07-31,84.85,84.93,85.29,84.74,2500,21996581.00,0.65,0.09,0.08,1.81,2,634,122.86
688623,双元科技,1,1.688623,2023-08-01,84.95,83.98,84.95,83.76,4181,36446494.00,1.40,-1.12,-0.95,3.02,2,634,122.86
688623,双元科技,1,1.688623,2023-08-02,83.89,83.98,84.43,83.89,1840,16023306.00,0.64,0.00,0.00,1.33,2,634,122.86
688623,双元科技,1,1.688623,2023-08-03,83.98,83.96,84.50,83.79,3041,26488975.00,0.85,-0.02,-0.02,2.20,2,634,122.86
688623,双元科技,1,1.688623,2023-08-04,84.04,83.95,84.24,83.83,1853,16115049.00,0.49,-0.01,-0.01,1.34,2,634,122.86
688623,双元科技,1,1.688623,2023-08-07,83.84,83.68,84.08,83.65,2500,21690427.00,0.51,-0.32,-0.27,1.81,2,634,122.86
688623,双元科技,1,1.688623,2023-08-08,83.68,83.57,83.83,83.29,1986,17189129.00,0.65,-0.13,-0.11,1.44,2,634,122.86
688623,双元科技,1,1.688623,2023-08-09,83.57,84.56,84.56,83.57,4356,37960132.00,1.18,1.18,0.99,3.15,2,634,122.86
688623,双元科技,1,1.688623,2023-08-10,84.56,85.77,86.51,84.54,7183,63659386.00,2.33,1.43,1.21,5.19,2,634,122.86
688623,双元科技,1,1.688623,2023-08-11,85.77,84.58,86.25,84.58,4382,38644027.00,1.95,-1.39,-1.19,3.17,2,634,122.86
688623,双元科技,1,1.688623,2023-08-14,84.58,84.23,84.58,83.34,3072,26692867.00,1.47,-0.41,-0.35,2.22,2,634,122.86
688623,双元科技,1,1.688623,2023-08-15,84.42,83.72,84.73,83.47,2523,21936447.00,1.50,-0.61,-0.51,1.82,2,634,122.86
688623,双元科技,1,1.688623,2023-08-16,83.54,82.86,83.93,82.86,2795,24124868.00,1.28,-1.03,-0.86,2.02,2,634,122.86
688623,双元科技,1,1.688623,2023-08-17,82.86,83.64,83.68,82.28,2360,20296519.00,1.69,0.94,0.78,1.71,2,634,122.86
688623,双元科技,1,1.688623,2023-08-18,83.98,85.27,87.64,83.98,11394,101422387.00,4.38,1.95,1.63,8.24,2,634,122.86
688623,双元科技,1,1.688623,2023-08-21,85.77,83.96,85.77,83.73,5499,48115108.00,2.39,-1.54,-1.31,3.98,2,634,122.86
688623,双元科技,1,1.688623,2023-08-22,83.83,83.58,84.44,81.75,5865,50378709.00,3.20,-0.45,-0.38,4.24,2,634,122.86
688623,双元科技,1,1.688623,2023-08-23,83.48,81.18,83.48,81.18,3989,33914056.00,2.75,-2.87,-2.40,2.88,2,634,122.86
688623,双元科技,1,1.688623,2023-08-24,81.18,78.79,81.72,78.18,5860,48261672.00,4.36,-2.94,-2.39,4.24,2,634,122.86
688623,双元科技,1,1.688623,2023-08-25,78.70,75.88,78.70,75.86,5230,41842462.00,3.60,-3.69,-2.91,3.78,2,634,122.86
688623,双元科技,1,1.688623,2023-08-28,82.58,77.84,82.68,77.44,5868,48971485.00,6.91,2.58,1.96,4.24,2,634,122.86
688623,双元科技,1,1.688623,2023-08-29,77.84,82.97,83.69,77.41,10051,85258756.00,8.07,6.59,5.13,7.27,2,634,122.86
688623,双元科技,1,1.688623,2023-08-30,83.50,85.98,86.48,83.08,11403,100757992.00,4.10,3.63,3.01,8.24,2,634,122.86
688623,双元科技,1,1.688623,2023-08-31,84.98,85.34,86.65,84.08,9328,82641903.00,2.99,-0.74,-0.64,6.74,2,634,122.86
688623,双元科技,1,1.688623,2023-09-01,85.97,83.48,85.97,82.73,6197,53913490.00,3.80,-2.18,-1.86,4.48,2,634,122.86
688623,双元科技,1,1.688623,2023-09-04,83.38,82.13,83.60,81.69,6186,52860269.00,2.29,-1.62,-1.35,4.47,2,634,122.86
688623,双元科技,1,1.688623,2023-09-05,81.99,81.33,82.56,80.67,6407,54149199.00,2.30,-0.97,-0.80,4.63,2,634,122.86
688623,双元科技,1,1.688623,2023-09-06,80.62,80.44,81.26,79.36,6048,50253894.00,2.34,-1.09,-0.89,4.37,2,634,122.86
688623,双元科技,1,1.688623,2023-09-07,80.67,78.46,80.80,78.44,4911,40418223.00,2.93,-2.46,-1.98,3.55,2,634,122.86
688623,双元科技,1,1.688623,2023-09-08,78.18,79.17,79.77,78.18,2687,22090313.00,2.03,0.90,0.71,1.94,2,634,122.86
688623,双元科技,1,1.688623,2023-09-11,79.56,79.92,80.18,78.59,2671,22089241.00,2.01,0.95,0.75,1.93,2,634,122.86
688623,双元科技,1,1.688623,2023-09-12,79.93,79.59,79.93,79.28,2266,18698893.00,0.81,-0.41,-0.33,1.64,2,634,122.86
688623,双元科技,1,1.688623,2023-09-13,79.59,77.84,79.59,77.36,4216,34290175.00,2.80,-2.20,-1.75,3.05,2,634,122.86
688623,双元科技,1,1.688623,2023-09-14,77.42,77.43,77.84,77.03,1466,11779797.00,1.04,-0.53,-0.41,1.06,2,634,122.86
688623,双元科技,1,1.688623,2023-09-15,77.77,77.53,78.36,77.29,1520,12286829.00,1.38,0.13,0.10,1.10,2,634,122.86
688623,双元科技,1,1.688623,2023-09-18,77.32,77.60,78.62,76.87,2053,16608063.00,2.26,0.09,0.07,1.48,2,634,122.86
688623,双元科技,1,1.688623,2023-09-19,77.68,76.88,77.68,76.69,2259,18067762.00,1.28,-0.93,-0.72,1.63,2,634,122.86
688623,双元科技,1,1.688623,2023-09-20,76.88,76.58,77.06,76.31,1501,11952769.00,0.98,-0.39,-0.30,1.08,2,634,122.86
688623,双元科技,1,1.688623,2023-09-21,76.26,75.98,77.08,75.93,1805,14317550.00,1.50,-0.78,-0.60,1.30,2,634,122.86
688623,双元科技,1,1.688623,2023-09-22,75.98,77.27,77.33,75.78,1920,15318242.00,2.04,1.70,1.29,1.39,2,634,122.86
688623,双元科技,1,1.688623,2023-09-25,77.24,75.53,77.26,75.48,3825,30233297.00,2.30,-2.25,-1.74,2.76,2,634,122.86
688623,双元科技,1,1.688623,2023-09-26,75.88,75.23,75.96,75.18,1486,11661342.00,1.03,-0.40,-0.30,1.07,2,634,122.86
688623,双元科技,1,1.688623,2023-09-27,75.24,75.82,76.38,75.20,2072,16353774.00,1.57,0.78,0.59,1.50,2,634,122.86
688623,双元科技,1,1.688623,2023-09-28,75.53,76.58,76.70,75.53,3308,26263407.00,1.54,1.00,0.76,2.39,2,634,122.86
688623,双元科技,1,1.688623,2023-10-09,76.62,75.74,76.62,75.58,2554,20124189.00,1.36,-1.10,-0.84,1.85,2,634,122.86
688623,双元科技,1,1.688623,2023-10-10,75.95,75.38,75.98,75.25,1913,15035788.00,0.96,-0.48,-0.36,1.38,2,634,122.86
688623,双元科技,1,1.688623,2023-10-11,75.36,75.78,76.08,75.36,1696,13379652.00,0.96,0.53,0.40,1.23,2,634,122.86
688623,双元科技,1,1.688623,2023-10-12,75.78,76.12,76.28,75.32,2572,20256742.00,1.27,0.45,0.34,1.86,2,634,122.86
688623,双元科技,1,1.688623,2023-10-13,75.68,74.98,75.88,74.86,2537,19868061.00,1.34,-1.50,-1.14,1.83,2,634,122.86
688623,双元科技,1,1.688623,2023-10-16,75.13,74.83,75.19,74.64,1439,11197808.00,0.73,-0.20,-0.15,1.04,2,634,122.86
688623,双元科技,1,1.688623,2023-10-17,75.13,75.02,75.13,74.54,879,6836325.00,0.79,0.25,0.19,0.64,2,634,122.86
688623,双元科技,1,1.688623,2023-10-18,75.02,73.33,75.02,73.33,2390,18375047.00,2.25,-2.25,-1.69,1.73,2,634,122.86
688623,双元科技,1,1.688623,2023-10-19,73.45,73.09,73.96,72.99,1116,8536873.00,1.32,-0.33,-0.24,0.81,2,634,122.86
688623,双元科技,1,1.688623,2023-10-20,73.02,71.92,73.36,71.85,2557,19295496.00,2.07,-1.60,-1.17,1.85,2,634,122.86
688623,双元科技,1,1.688623,2023-10-23,71.87,69.05,72.28,68.99,2437,17685903.00,4.57,-3.99,-2.87,1.76,2,634,122.86
688623,双元科技,1,1.688623,2023-10-24,69.28,70.09,70.65,69.01,1349,9824587.00,2.38,1.51,1.04,0.97,2,634,122.86
688623,双元科技,1,1.688623,2023-10-25,70.38,70.07,70.71,69.88,1562,11444664.00,1.18,-0.03,-0.02,1.13,2,634,122.86
688623,双元科技,1,1.688623,2023-10-26,69.98,68.69,69.98,67.48,3087,21978039.00,3.57,-1.97,-1.38,2.23,2,634,122.86
688623,双元科技,1,1.688623,2023-10-27,68.42,70.18,70.66,68.07,2942,21361528.00,3.77,2.17,1.49,2.13,2,634,122.86
688623,双元科技,1,1.688623,2023-10-30,70.58,71.58,71.64,69.99,3264,24119248.00,2.35,1.99,1.40,2.36,2,634,122.86
688623,双元科技,1,1.688623,2023-10-31,73.20,72.87,73.76,71.78,4311,32626676.00,2.77,1.80,1.29,3.12,2,634,122.86
688623,双元科技,1,1.688623,2023-11-01,72.79,72.31,73.28,72.00,1925,14519980.00,1.76,-0.77,-0.56,1.39,2,634,122.86
688623,双元科技,1,1.688623,2023-11-02,72.32,70.84,72.62,70.78,1801,13452935.00,2.54,-2.03,-1.47,1.30,2,634,122.86
688623,双元科技,1,1.688623,2023-11-03,71.48,72.50,72.86,70.96,2749,20687181.00,2.68,2.34,1.66,1.99,2,634,122.86
688623,双元科技,1,1.688623,2023-11-06,73.18,74.08,74.11,72.86,4087,31369891.00,1.72,2.18,1.58,2.95,2,634,122.86
688623,双元科技,1,1.688623,2023-11-07,74.08,73.84,74.25,73.28,2503,19253905.00,1.31,-0.32,-0.24,1.81,2,634,122.86
688623,双元科技,1,1.688623,2023-11-08,73.57,73.89,74.47,73.57,2717,20918260.00,1.22,0.07,0.05,1.96,2,634,122.86
688623,双元科技,1,1.688623,2023-11-09,73.89,73.11,74.16,72.84,2651,20242353.00,1.79,-1.06,-0.78,1.92,2,634,122.86
688623,双元科技,1,1.688623,2023-11-10,72.79,73.11,73.25,72.48,1132,8592816.00,1.05,0.00,0.00,0.82,2,634,122.86
688623,双元科技,1,1.688623,2023-11-13,73.63,73.02,73.86,72.68,1850,14046770.00,1.61,-0.12,-0.09,1.34,2,634,122.86
688623,双元科技,1,1.688623,2023-11-14,72.81,73.46,73.53,72.69,2056,15682260.00,1.15,0.60,0.44,1.49,2,634,122.86
688623,双元科技,1,1.688623,2023-11-15,73.52,74.28,74.65,73.43,4074,31432165.00,1.66,1.12,0.82,2.94,2,634,122.86
688623,双元科技,1,1.688623,2023-11-16,74.06,73.39,74.42,73.18,2847,21833084.00,1.67,-1.20,-0.89,2.06,2,634,122.86
688623,双元科技,1,1.688623,2023-11-17,73.04,73.44,73.66,73.01,1291,9861229.00,0.89,0.07,0.05,0.93,2,634,122.86
688623,双元科技,1,1.688623,2023-11-20,73.44,74.24,74.36,73.04,3023,23222716.00,1.80,1.09,0.80,2.19,2,634,122.86
688623,双元科技,1,1.688623,2023-11-21,74.26,73.39,74.52,73.13,3514,26961524.00,1.87,-1.14,-0.85,2.54,2,634,122.86
688623,双元科技,1,1.688623,2023-11-22,73.48,72.40,73.48,72.40,2904,22012669.00,1.47,-1.35,-0.99,2.10,2,634,122.86
688623,双元科技,1,1.688623,2023-11-23,72.67,72.80,72.85,71.83,1680,12676491.00,1.41,0.55,0.40,1.21,2,634,122.86
688623,双元科技,1,1.688623,2023-11-24,72.75,71.31,72.75,71.20,3194,23878339.00,2.13,-2.05,-1.49,2.31,2,634,122.86
688623,双元科技,1,1.688623,2023-11-27,71.19,71.15,71.70,71.01,1308,9716832.00,0.97,-0.22,-0.16,0.95,2,634,122.86
688623,双元科技,1,1.688623,2023-11-28,71.00,72.81,73.28,70.99,2937,22187848.00,3.22,2.33,1.66,2.12,2,634,122.86
688623,双元科技,1,1.688623,2023-11-29,72.60,72.46,72.96,72.39,1831,13849799.00,0.78,-0.48,-0.35,1.32,2,634,122.86
688623,双元科技,1,1.688623,2023-11-30,72.72,71.70,72.81,71.37,1690,12701003.00,1.99,-1.05,-0.76,1.22,2,634,122.86
688623,双元科技,1,1.688623,2023-12-01,71.48,71.45,71.81,71.03,1339,9955814.00,1.09,-0.35,-0.25,0.97,2,634,122.86
688623,双元科技,1,1.688623,2023-12-04,71.19,70.31,71.27,70.21,2031,14993786.00,1.48,-1.60,-1.14,1.47,2,634,122.86
688623,双元科技,1,1.688623,2023-12-05,70.31,69.28,70.31,69.07,1636,11868174.00,1.76,-1.46,-1.03,1.18,2,634,122.86
688623,双元科技,1,1.688623,2023-12-06,69.28,69.07,69.83,69.06,2440,17669133.00,1.11,-0.30,-0.21,1.76,2,634,122.86
688623,双元科技,1,1.688623,2023-12-07,69.06,67.97,69.06,66.99,3373,23924606.00,3.00,-1.59,-1.10,2.44,2,634,122.86
688623,双元科技,1,1.688623,2023-12-08,67.55,67.75,69.47,67.09,4163,29597373.00,3.50,-0.32,-0.22,3.01,2,634,122.86
688623,双元科技,1,1.688623,2023-12-11,67.13,67.75,68.16,65.19,11084,76647949.00,4.38,0.00,0.00,7.54,2,634,122.86
688623,双元科技,1,1.688623,2023-12-12,67.39,68.15,68.47,66.83,4377,30992298.00,2.42,0.59,0.40,2.98,2,634,122.86
688623,双元科技,1,1.688623,2023-12-13,67.50,66.66,67.97,66.66,3388,23762227.00,1.92,-2.19,-1.49,2.30,2,634,122.86
688623,双元科技,1,1.688623,2023-12-14,66.87,66.30,67.26,66.10,2860,19894898.00,1.74,-0.54,-0.36,1.95,2,634,122.86
688623,双元科技,1,1.688623,2023-12-15,66.16,65.71,66.77,65.65,2227,15404583.00,1.69,-0.89,-0.59,1.51,2,634,122.86
688623,双元科技,1,1.688623,2023-12-18,65.71,65.29,66.21,65.18,2506,17167593.00,1.57,-0.64,-0.42,1.70,2,634,122.86
688623,双元科技,1,1.688623,2023-12-19,65.65,65.41,66.11,64.96,1963,13425966.00,1.76,0.18,0.12,1.34,2,634,122.86
688623,双元科技,1,1.688623,2023-12-20,65.58,65.32,66.46,65.20,2757,18999991.00,1.93,-0.14,-0.09,1.87,2,634,122.86
688623,双元科技,1,1.688623,2023-12-21,65.27,65.90,66.48,64.16,4482,30517254.00,3.55,0.89,0.58,3.05,2,634,122.86
688623,双元科技,1,1.688623,2023-12-22,65.88,65.52,66.44,65.31,2518,17301684.00,1.71,-0.58,-0.38,1.71,2,634,122.86
688623,双元科技,1,1.688623,2023-12-25,65.58,65.33,66.15,64.76,2360,16140333.00,2.12,-0.29,-0.19,1.61,2,634,122.86
688623,双元科技,1,1.688623,2023-12-26,65.03,64.16,65.26,64.03,2605,17575039.00,1.88,-1.79,-1.17,1.77,2,634,122.86
688623,双元科技,1,1.688623,2023-12-27,64.05,64.79,64.82,64.02,1227,8273577.00,1.25,0.98,0.63,0.83,2,634,122.86
688623,双元科技,1,1.688623,2023-12-28,64.87,67.67,68.27,64.25,7046,49262303.00,6.20,4.45,2.88,4.79,2,634,122.86
688623,双元科技,1,1.688623,2023-12-29,67.67,67.96,68.18,67.34,2712,19225686.00,1.24,0.43,0.29,1.84,2,634,122.86
688623,双元科技,1,1.688623,2024-01-02,67.98,67.26,68.05,67.08,2441,17186695.00,1.43,-1.03,-0.70,1.70,2,634,122.86
688623,双元科技,1,1.688623,2024-01-03,67.54,66.14,67.54,65.53,3029,20991809.00,2.99,-1.67,-1.12,2.11,2,634,122.86
688623,双元科技,1,1.688623,2024-01-04,66.19,66.55,66.97,65.98,2356,16336451.00,1.50,0.62,0.41,1.64,2,634,122.86
688623,双元科技,1,1.688623,2024-01-05,66.58,66.09,66.90,65.91,3601,25040662.00,1.49,-0.69,-0.46,2.51,2,634,122.86
688623,双元科技,1,1.688623,2024-01-08,65.64,64.60,66.00,64.50,3027,20630502.00,2.27,-2.25,-1.49,2.11,2,634,122.86
688623,双元科技,1,1.688623,2024-01-09,64.60,65.11,65.63,64.58,1632,11094006.00,1.63,0.79,0.51,1.14,2,634,122.86
688623,双元科技,1,1.688623,2024-01-10,64.78,65.05,66.16,64.06,2263,15436170.00,3.23,-0.09,-0.06,1.58,2,634,122.86
688623,双元科技,1,1.688623,2024-01-11,65.08,66.10,66.17,64.28,3096,21196964.00,2.91,1.61,1.05,2.16,2,634,122.86
688623,双元科技,1,1.688623,2024-01-12,65.39,65.86,66.89,65.39,2600,18009868.00,2.27,-0.36,-0.24,1.81,2,634,122.86
688623,双元科技,1,1.688623,2024-01-15,65.86,64.92,65.93,64.87,2072,14151528.00,1.61,-1.43,-0.94,1.45,2,634,122.86
688623,双元科技,1,1.688623,2024-01-16,64.82,65.32,65.33,64.63,1246,8464689.00,1.08,0.62,0.40,0.87,2,634,122.86
688623,双元科技,1,1.688623,2024-01-17,65.31,64.08,65.31,64.04,1586,10705170.00,1.94,-1.90,-1.24,1.11,2,634,122.86
688623,双元科技,1,1.688623,2024-01-18,64.36,64.32,64.36,63.19,2084,13909145.00,1.83,0.37,0.24,1.45,2,634,122.86
688623,双元科技,1,1.688623,2024-01-19,64.34,63.79,64.82,63.78,1336,8979565.00,1.62,-0.82,-0.53,0.93,2,634,122.86
688623,双元科技,1,1.688623,2024-01-22,63.77,61.27,63.77,61.05,2477,16187879.00,4.26,-3.95,-2.52,1.73,2,634,122.86
688623,双元科技,1,1.688623,2024-01-23,61.16,61.42,61.78,60.99,1294,8316512.00,1.29,0.24,0.15,0.90,2,634,122.86
688623,双元科技,1,1.688623,2024-01-24,61.78,61.28,61.78,59.42,2317,14749796.00,3.84,-0.23,-0.14,1.62,2,634,122.86
688623,双元科技,1,1.688623,2024-01-25,60.96,62.43,62.48,60.12,2010,13060120.00,3.85,1.88,1.15,1.40,2,634,122.86
688623,双元科技,1,1.688623,2024-01-26,61.98,61.50,62.54,61.45,1801,11711498.00,1.75,-1.49,-0.93,1.26,2,634,122.86
688623,双元科技,1,1.688623,2024-01-29,61.97,61.18,62.98,61.09,1757,11434786.00,3.07,-0.52,-0.32,1.23,2,634,122.86
688623,双元科技,1,1.688623,2024-01-30,60.31,60.04,60.97,59.98,1567,9916274.00,1.62,-1.86,-1.14,1.09,2,634,122.86
688623,双元科技,1,1.688623,2024-01-31,59.96,57.09,59.98,57.08,3434,20997330.00,4.83,-4.91,-2.95,2.40,2,634,122.86
688623,双元科技,1,1.688623,2024-02-01,57.16,57.09,58.06,56.69,1720,10378039.00,2.40,0.00,0.00,1.20,2,634,122.86
688623,双元科技,1,1.688623,2024-02-02,57.06,54.53,57.84,52.98,3728,21596550.00,8.51,-4.48,-2.56,2.60,2,634,122.86
688623,双元科技,1,1.688623,2024-02-05,54.48,48.98,54.48,48.79,5138,27600210.00,10.43,-10.18,-5.55,3.58,2,634,122.86
688623,双元科技,1,1.688623,2024-02-06,48.79,51.31,52.20,47.30,2872,15316177.00,10.00,4.76,2.33,2.00,2,634,122.86
688623,双元科技,1,1.688623,2024-02-07,51.28,50.14,52.46,49.99,3276,17720245.00,4.81,-2.28,-1.17,2.29,2,634,122.86
688623,双元科技,1,1.688623,2024-02-08,50.30,53.60,53.94,50.30,3748,20815224.00,7.26,6.90,3.46,2.62,2,634,122.86
688623,双元科技,1,1.688623,2024-02-19,53.94,54.65,55.34,53.28,2924,16797282.00,3.84,1.96,1.05,2.04,2,634,122.86
688623,双元科技,1,1.688623,2024-02-20,54.50,54.84,54.98,53.81,1381,7958035.00,2.14,0.35,0.19,0.96,2,634,122.86
688623,双元科技,1,1.688623,2024-02-21,54.28,55.71,56.53,53.99,4147,24457191.00,4.63,1.59,0.87,2.89,2,634,122.86
688623,双元科技,1,1.688623,2024-02-22,55.20,56.06,56.32,55.20,2611,15370572.00,2.01,0.63,0.35,1.82,2,634,122.86
688623,双元科技,1,1.688623,2024-02-23,56.06,56.49,56.81,55.73,2683,15895637.00,1.93,0.77,0.43,1.87,2,634,122.86
688623,双元科技,1,1.688623,2024-02-26,57.08,58.68,59.80,57.03,7392,45460323.00,4.90,3.88,2.19,5.17,2,634,122.86
688623,双元科技,1,1.688623,2024-02-27,58.85,59.57,59.76,57.98,4757,29475746.00,3.03,1.52,0.89,3.32,2,634,122.86
688623,双元科技,1,1.688623,2024-02-28,59.57,56.54,60.67,56.54,5828,36147921.00,6.93,-5.09,-3.03,4.07,2,634,122.86
688623,双元科技,1,1.688623,2024-02-29,56.04,57.83,57.94,55.98,3291,19832715.00,3.47,2.28,1.29,2.30,2,634,122.86
688623,双元科技,1,1.688623,2024-03-01,57.84,58.34,58.95,57.58,2454,15005803.00,2.37,0.88,0.51,1.71,2,634,122.86
688623,双元科技,1,1.688623,2024-03-04,58.34,57.57,58.34,56.98,2848,17295922.00,2.33,-1.32,-0.77,1.99,2,634,122.86
688623,双元科技,1,1.688623,2024-03-05,57.03,56.50,57.98,56.48,2126,12721040.00,2.61,-1.86,-1.07,1.49,2,634,122.86
688623,双元科技,1,1.688623,2024-03-06,56.21,56.92,57.66,56.21,1549,9271673.00,2.57,0.74,0.42,1.08,2,634,122.86
688623,双元科技,1,1.688623,2024-03-07,56.56,56.80,57.98,56.49,2197,13244035.00,2.62,-0.21,-0.12,1.54,2,634,122.86
688623,双元科技,1,1.688623,2024-03-08,56.80,57.12,57.30,56.49,1422,8516077.00,1.43,0.56,0.32,0.99,2,634,122.86
688623,双元科技,1,1.688623,2024-03-11,57.16,58.46,58.50,57.04,3006,18366098.00,2.56,2.35,1.34,2.10,2,634,122.86
688623,双元科技,1,1.688623,2024-03-12,58.88,59.09,59.66,58.18,3073,19045655.00,2.53,1.08,0.63,2.15,2,634,122.86
688623,双元科技,1,1.688623,2024-03-13,59.16,58.82,59.16,58.50,2060,12751907.00,1.12,-0.46,-0.27,1.44,2,634,122.86
688623,双元科技,1,1.688623,2024-03-14,58.85,57.81,59.28,57.29,1902,11649863.00,3.38,-1.72,-1.01,1.33,2,634,122.86
688623,双元科技,1,1.688623,2024-03-15,57.73,58.21,58.34,57.48,1390,8485383.00,1.49,0.69,0.40,0.97,2,634,122.86
688623,双元科技,1,1.688623,2024-03-18,58.32,59.36,59.38,58.18,2759,17068596.00,2.06,1.98,1.15,1.93,2,634,122.86
688623,双元科技,1,1.688623,2024-03-19,59.30,59.03,59.71,59.01,2575,16038314.00,1.18,-0.56,-0.33,1.80,2,634,122.86
688623,双元科技,1,1.688623,2024-03-20,58.68,59.05,59.13,58.48,1680,10399432.00,1.10,0.03,0.02,1.17,2,634,122.86
688623,双元科技,1,1.688623,2024-03-21,59.14,58.54,59.34,58.15,2602,16038600.00,2.02,-0.86,-0.51,1.82,2,634,122.86
688623,双元科技,1,1.688623,2024-03-22,58.52,57.92,58.63,57.60,2116,12917338.00,1.76,-1.06,-0.62,1.48,2,634,122.86
688623,双元科技,1,1.688623,2024-03-25,57.57,56.63,57.85,56.58,2379,14311845.00,2.19,-2.23,-1.29,1.66,2,634,122.86
688623,双元科技,1,1.688623,2024-03-26,56.29,56.40,56.77,55.78,1781,10569297.00,1.75,-0.41,-0.23,1.24,2,634,122.86
688623,双元科技,1,1.688623,2024-03-27,56.37,55.39,56.56,55.37,1632,9617805.00,2.11,-1.79,-1.01,1.14,2,634,122.86
688623,双元科技,1,1.688623,2024-03-28,55.24,56.83,57.48,55.11,2224,13291446.00,4.28,2.60,1.44,1.55,2,634,122.86
688623,双元科技,1,1.688623,2024-03-29,56.49,57.60,57.74,56.49,1461,8823699.00,2.20,1.35,0.77,1.02,2,634,122.86
688623,双元科技,1,1.688623,2024-04-01,57.95,58.46,58.64,57.65,1906,11702159.00,1.72,1.49,0.86,1.33,2,634,122.86
688623,双元科技,1,1.688623,2024-04-02,58.72,58.07,58.73,57.99,1190,7296518.00,1.27,-0.67,-0.39,0.83,2,634,122.86
688623,双元科技,1,1.688623,2024-04-03,58.29,57.94,58.29,57.70,1030,6278006.00,1.02,-0.22,-0.13,0.72,2,634,122.86
688623,双元科技,1,1.688623,2024-04-08,57.73,56.29,57.73,56.18,1321,7916644.00,2.68,-2.85,-1.65,0.92,2,634,122.86
688623,双元科技,1,1.688623,2024-04-09,56.29,57.18,57.18,56.24,1019,6090447.00,1.67,1.58,0.89,0.71,2,634,122.86
688623,双元科技,1,1.688623,2024-04-10,57.78,55.83,57.98,55.71,1410,8379317.00,3.97,-2.36,-1.35,0.99,2,634,122.86
688623,双元科技,1,1.688623,2024-04-11,55.65,56.27,56.97,55.65,841,4994545.00,2.36,0.79,0.44,0.59,2,634,122.86
688623,双元科技,1,1.688623,2024-04-12,55.79,55.90,56.56,55.79,626,3699668.00,1.37,-0.66,-0.37,0.44,2,634,122.86
688623,双元科技,1,1.688623,2024-04-15,55.58,54.77,56.22,54.30,1822,10648070.00,3.43,-2.02,-1.13,1.27,2,634,122.86
688623,双元科技,1,1.688623,2024-04-16,54.49,53.01,55.24,52.46,1653,9282756.00,5.08,-3.21,-1.76,1.16,2,634,122.86
688623,双元科技,1,1.688623,2024-04-17,53.04,57.19,57.96,53.04,3478,20803612.00,9.28,7.89,4.18,2.43,2,634,122.86
688623,双元科技,1,1.688623,2024-04-18,56.98,57.01,57.48,56.51,1427,8572477.00,1.70,-0.31,-0.18,1.00,2,634,122.86
688623,双元科技,1,1.688623,2024-04-19,57.10,57.46,58.53,56.78,1906,11568876.00,3.07,0.79,0.45,1.33,2,634,122.86
688623,双元科技,1,1.688623,2024-04-22,57.46,56.67,57.46,56.52,1405,8396570.00,1.64,-1.37,-0.79,0.98,2,634,122.86
688623,双元科技,1,1.688623,2024-04-23,56.67,56.41,56.88,55.95,971,5777393.00,1.64,-0.46,-0.26,0.68,2,634,122.86
688623,双元科技,1,1.688623,2024-04-24,55.94,57.05,57.05,55.94,1202,7187930.00,1.97,1.13,0.64,0.84,2,634,122.86
688623,双元科技,1,1.688623,2024-04-25,57.06,57.08,57.52,56.79,915,5507513.00,1.28,0.05,0.03,0.64,2,634,122.86
688623,双元科技,1,1.688623,2024-04-26,56.93,57.86,57.96,56.79,1479,8952221.00,2.05,1.37,0.78,1.03,2,634,122.86
688623,双元科技,1,1.688623,2024-04-29,57.78,59.70,59.73,57.09,3744,23233576.00,4.56,3.18,1.84,2.62,2,634,122.86
688623,双元科技,1,1.688623,2024-04-30,58.98,58.17,59.58,57.99,3804,23359860.00,2.66,-2.56,-1.53,2.66,2,634,122.86
688623,双元科技,1,1.688623,2024-05-06,58.53,58.50,58.95,58.34,1840,11315501.00,1.05,0.57,0.33,1.29,2,634,122.86
688623,双元科技,1,1.688623,2024-05-07,58.17,58.49,58.76,57.98,1364,8380624.00,1.33,-0.02,-0.01,0.95,2,634,122.86
688623,双元科技,1,1.688623,2024-05-08,58.49,58.45,58.53,58.00,1394,8548680.00,0.91,-0.07,-0.04,0.97,2,634,122.86
688623,双元科技,1,1.688623,2024-05-09,58.33,58.81,58.92,58.33,1099,6790104.00,1.01,0.62,0.36,0.77,2,634,122.86
688623,双元科技,1,1.688623,2024-05-10,58.81,58.38,58.81,58.13,1360,8346782.00,1.16,-0.73,-0.43,0.95,2,634,122.86
688623,双元科技,1,1.688623,2024-05-13,58.27,57.69,58.27,57.55,1100,6693857.00,1.23,-1.18,-0.69,0.77,2,634,122.86
688623,双元科技,1,1.688623,2024-05-14,57.48,57.65,57.95,57.31,927,5617325.00,1.11,-0.07,-0.04,0.65,2,634,122.86
688623,双元科技,1,1.688623,2024-05-15,57.49,57.46,57.93,57.28,599,3624310.00,1.13,-0.33,-0.19,0.42,2,634,122.86
688623,双元科技,1,1.688623,2024-05-16,57.73,57.33,57.89,57.19,776,4709230.00,1.22,-0.23,-0.13,0.54,2,634,122.86
688623,双元科技,1,1.688623,2024-05-17,57.05,57.36,57.46,56.98,1191,7161526.00,0.84,0.05,0.03,0.83,2,634,122.86
688623,双元科技,1,1.688623,2024-05-20,57.35,57.56,57.91,57.35,655,3972138.00,0.98,0.35,0.20,0.46,2,634,122.86
688623,双元科技,1,1.688623,2024-05-21,57.25,57.25,57.63,57.07,525,3173552.00,0.97,-0.54,-0.31,0.37,2,634,122.86
688623,双元科技,1,1.688623,2024-05-22,57.79,58.30,58.41,57.25,1561,9504598.00,2.03,1.83,1.05,1.09,2,634,122.86
688623,双元科技,1,1.688623,2024-05-23,58.36,57.98,58.50,57.87,1611,9850293.00,1.08,-0.55,-0.32,1.13,2,634,122.86
688623,双元科技,1,1.688623,2024-05-24,57.96,57.33,58.25,57.28,803,4869502.00,1.67,-1.12,-0.65,0.56,2,634,122.86
688623,双元科技,1,1.688623,2024-05-27,57.01,56.46,57.53,55.83,1797,10668968.00,2.97,-1.52,-0.87,1.26,2,634,122.86
688623,双元科技,1,1.688623,2024-05-28,56.64,56.27,56.67,56.15,525,3115068.00,0.92,-0.34,-0.19,0.37,2,634,122.86
688623,双元科技,1,1.688623,2024-05-29,56.27,56.27,56.47,56.13,447,2652581.00,0.60,0.00,0.00,0.31,2,634,122.86
688623,双元科技,1,1.688623,2024-05-30,56.18,55.88,56.29,55.78,794,4683318.00,0.91,-0.69,-0.39,0.55,2,634,122.86
688623,双元科技,1,1.688623,2024-05-31,55.88,56.55,56.64,55.88,744,4417903.00,1.36,1.20,0.67,0.52,2,634,122.86
688623,双元科技,1,1.688623,2024-06-03,56.56,55.83,57.43,55.51,1261,7495692.00,3.40,-1.27,-0.72,0.88,2,634,122.86
688623,双元科技,1,1.688623,2024-06-04,55.79,55.45,56.30,55.30,707,4132248.00,1.79,-0.68,-0.38,0.49,2,634,122.86
688623,双元科技,1,1.688623,2024-06-05,55.48,54.98,55.79,54.98,882,5137358.00,1.46,-0.85,-0.47,0.62,2,634,122.86
688623,双元科技,1,1.688623,2024-06-06,54.99,54.20,55.40,54.04,1190,6884355.00,2.47,-1.42,-0.78,0.83,2,634,122.86
688623,双元科技,1,1.688623,2024-06-07,54.20,54.46,55.01,54.06,745,4290565.00,1.75,0.48,0.26,0.52,2,634,122.86
688623,双元科技,1,1.688623,2024-06-11,54.44,55.31,55.45,53.98,701,4046199.00,2.70,1.56,0.85,0.49,2,634,122.86
688623,双元科技,1,1.688623,2024-06-12,54.97,55.87,56.28,54.97,738,4344410.00,2.37,1.01,0.56,0.52,2,634,122.86
688623,双元科技,1,1.688623,2024-06-13,55.87,57.07,58.93,55.43,3124,18824784.00,6.26,2.15,1.20,2.18,2,634,122.86
688623,双元科技,1,1.688623,2024-06-14,57.03,55.93,57.03,55.19,2118,12484196.00,3.22,-2.00,-1.14,1.48,2,634,122.86
688623,双元科技,1,1.688623,2024-06-17,56.78,55.86,56.78,55.57,647,3809097.00,2.16,-0.13,-0.07,0.45,2,634,122.86
688623,双元科技,1,1.688623,2024-06-18,55.86,55.97,56.08,55.61,911,5364946.00,0.84,0.20,0.11,0.64,2,634,122.86
688623,双元科技,1,1.688623,2024-06-19,56.03,55.43,56.18,55.14,1378,8072010.00,1.86,-0.96,-0.54,0.96,2,634,122.86
688623,双元科技,1,1.688623,2024-06-20,55.42,55.35,56.29,55.05,1142,6516771.00,2.24,-0.14,-0.08,0.80,2,634,122.86
688623,双元科技,1,1.688623,2024-06-21,55.20,55.10,55.50,54.60,656,3699823.00,1.63,-0.45,-0.25,0.46,2,634,122.86
688623,双元科技,1,1.688623,2024-06-24,55.30,54.58,55.79,54.55,1261,7131276.00,2.25,-0.94,-0.52,0.88,2,634,122.86
688623,双元科技,1,1.688623,2024-06-25,54.44,54.55,55.11,54.18,579,3244925.00,1.70,-0.05,-0.03,0.40,2,634,122.86
688623,双元科技,1,1.688623,2024-06-26,54.55,55.26,55.35,54.17,607,3428312.00,2.16,1.30,0.71,0.42,2,634,122.86
688623,双元科技,1,1.688623,2024-06-27,55.44,54.75,55.44,54.61,492,2778619.00,1.50,-0.92,-0.51,0.34,2,634,122.86
688623,双元科技,1,1.688623,2024-06-28,57.03,54.78,57.03,54.76,1174,6682597.00,4.15,0.05,0.03,0.82,2,634,122.86
688623,双元科技,1,1.688623,2024-07-01,54.21,54.41,54.84,53.95,757,4214085.00,1.62,-0.68,-0.37,0.53,2,634,122.86
688623,双元科技,1,1.688623,2024-07-02,54.44,54.16,54.75,54.07,324,1805000.00,1.25,-0.46,-0.25,0.23,2,634,122.86
688623,双元科技,1,1.688623,2024-07-03,53.97,53.55,54.33,53.39,1139,6294798.00,1.74,-1.13,-0.61,0.80,2,634,122.86
688623,双元科技,1,1.688623,2024-07-04,53.44,52.34,53.85,52.15,1425,7721231.00,3.17,-2.26,-1.21,1.00,2,634,122.86
688623,双元科技,1,1.688623,2024-07-05,52.33,52.10,52.35,51.35,1716,9106958.00,1.91,-0.46,-0.24,1.20,2,634,122.86
688623,双元科技,1,1.688623,2024-07-08,51.88,51.55,52.10,51.23,488,2594474.00,1.67,-1.06,-0.55,0.34,2,634,122.86
688623,双元科技,1,1.688623,2024-07-09,51.54,52.31,52.41,50.83,699,3713365.00,3.06,1.47,0.76,0.49,2,634,122.86
688623,双元科技,1,1.688623,2024-07-10,50.95,52.00,52.29,50.95,351,1870824.00,2.56,-0.59,-0.31,0.25,2,634,122.86
688623,双元科技,1,1.688623,2024-07-11,53.04,52.83,53.25,52.66,672,3657240.00,1.13,1.60,0.83,0.47,2,634,122.86
688623,双元科技,1,1.688623,2024-07-12,52.94,52.83,53.03,52.61,214,1163801.00,0.80,0.00,0.00,0.15,2,634,122.86
688623,双元科技,1,1.688623,2024-07-15,52.76,52.17,52.80,52.15,379,2034750.00,1.23,-1.25,-0.66,0.26,2,634,122.86
688623,双元科技,1,1.688623,2024-07-16,51.97,52.29,52.60,51.77,250,1347253.00,1.59,0.23,0.12,0.17,2,634,122.86
688623,双元科技,1,1.688623,2024-07-17,52.29,52.24,52.45,52.13,257,1380468.00,0.61,-0.10,-0.05,0.18,2,634,122.86
688623,双元科技,1,1.688623,2024-07-18,52.15,52.81,53.00,51.75,629,3375892.00,2.39,1.09,0.57,0.44,2,634,122.86
688623,双元科技,1,1.688623,2024-07-19,52.36,53.33,53.41,52.36,738,4028446.00,1.99,0.98,0.52,0.52,2,634,122.86
688623,双元科技,1,1.688623,2024-07-22,52.74,53.23,53.38,52.74,247,1349305.00,1.20,-0.19,-0.10,0.17,2,634,122.86
688623,双元科技,1,1.688623,2024-07-23,53.45,52.11,54.03,52.09,628,3415202.00,3.64,-2.10,-1.12,0.44,2,634,122.86
688623,双元科技,1,1.688623,2024-07-24,52.35,51.30,52.55,51.15,819,4334955.00,2.69,-1.55,-0.81,0.57,2,634,122.86
688623,双元科技,1,1.688623,2024-07-25,51.30,51.58,51.93,51.05,359,1900650.00,1.72,0.55,0.28,0.25,2,634,122.86
688623,双元科技,1,1.688623,2024-07-26,51.80,51.86,52.04,51.17,377,2000895.00,1.69,0.54,0.28,0.26,2,634,122.86
688623,双元科技,1,1.688623,2024-07-29,51.57,51.27,51.75,51.15,265,1404171.00,1.16,-1.14,-0.59,0.19,2,634,122.86
688623,双元科技,1,1.688623,2024-07-30,51.60,51.65,51.86,51.07,362,1921856.00,1.54,0.74,0.38,0.25,2,634,122.86
688623,双元科技,1,1.688623,2024-07-31,51.93,52.82,53.03,51.36,1339,7201080.00,3.23,2.27,1.17,0.94,2,634,122.86
688623,双元科技,1,1.688623,2024-08-01,53.04,52.50,53.13,52.40,554,2997076.00,1.38,-0.61,-0.32,0.39,2,634,122.86
688623,双元科技,1,1.688623,2024-08-02,52.43,51.88,52.51,51.78,454,2428932.00,1.39,-1.18,-0.62,0.32,2,634,122.86
688623,双元科技,1,1.688623,2024-08-05,51.57,50.87,51.88,50.87,1409,7427788.00,1.95,-1.95,-1.01,0.98,2,634,122.86
688623,双元科技,1,1.688623,2024-08-06,51.52,51.10,51.52,50.74,647,3388271.00,1.53,0.45,0.23,0.45,2,634,122.86
688623,双元科技,1,1.688623,2024-08-07,51.09,50.68,51.18,50.63,507,2650118.00,1.08,-0.82,-0.42,0.35,2,634,122.86
688623,双元科技,1,1.688623,2024-08-08,50.76,50.43,50.76,50.24,924,4796011.00,1.03,-0.49,-0.25,0.65,2,634,122.86
688623,双元科技,1,1.688623,2024-08-09,50.75,50.39,51.02,50.05,396,2061334.00,1.92,-0.08,-0.04,0.28,2,634,122.86
688623,双元科技,1,1.688623,2024-08-12,50.25,50.30,50.60,50.06,291,1507499.00,1.07,-0.18,-0.09,0.20,2,634,122.86
688623,双元科技,1,1.688623,2024-08-13,50.22,50.15,50.39,49.70,463,2381570.00,1.37,-0.30,-0.15,0.32,2,634,122.86
688623,双元科技,1,1.688623,2024-08-14,49.80,49.65,50.13,49.55,676,3457235.00,1.16,-1.00,-0.50,0.47,2,634,122.86
688623,双元科技,1,1.688623,2024-08-15,49.39,49.54,50.29,49.39,782,3997428.00,1.81,-0.22,-0.11,0.55,2,634,122.86
688623,双元科技,1,1.688623,2024-08-16,49.55,49.49,49.64,49.35,468,2380157.00,0.59,-0.10,-0.05,0.33,2,634,122.86
688623,双元科技,1,1.688623,2024-08-19,49.43,48.82,49.54,48.74,599,3030027.00,1.62,-1.35,-0.67,0.42,2,634,122.86
688623,双元科技,1,1.688623,2024-08-20,48.72,47.95,48.75,47.82,1172,5818829.00,1.90,-1.78,-0.87,0.82,2,634,122.86
688623,双元科技,1,1.688623,2024-08-21,47.62,47.32,48.05,47.13,779,3809498.00,1.92,-1.31,-0.63,0.54,2,634,122.86
688623,双元科技,1,1.688623,2024-08-22,47.12,46.47,47.47,46.45,760,3668905.00,2.16,-1.80,-0.85,0.53,2,634,122.86
688623,双元科技,1,1.688623,2024-08-23,46.43,46.60,46.74,46.13,705,3375990.00,1.31,0.28,0.13,0.49,2,634,122.86
688623,双元科技,1,1.688623,2024-08-26,46.31,46.93,47.40,46.31,493,2383487.00,2.34,0.71,0.33,0.34,2,634,122.86
688623,双元科技,1,1.688623,2024-08-27,46.58,46.84,47.14,46.55,493,2380354.00,1.26,-0.19,-0.09,0.34,2,634,122.86
688623,双元科技,1,1.688623,2024-08-28,47.34,46.94,47.52,46.84,544,2647279.00,1.45,0.21,0.10,0.38,2,634,122.86
688623,双元科技,1,1.688623,2024-08-29,46.85,46.87,47.41,46.53,1620,7805072.00,1.87,-0.15,-0.07,1.13,2,634,122.86
688623,双元科技,1,1.688623,2024-08-30,46.68,47.43,47.74,46.31,1801,8745809.00,3.05,1.19,0.56,1.26,2,634,122.86
688623,双元科技,1,1.688623,2024-09-02,46.95,46.00,47.34,45.99,1424,6831775.00,2.85,-3.01,-1.43,0.99,2,634,122.86
688623,双元科技,1,1.688623,2024-09-03,45.57,46.32,46.45,45.57,625,2977877.00,1.91,0.70,0.32,0.44,2,634,122.86
688623,双元科技,1,1.688623,2024-09-04,45.70,45.85,46.34,45.67,489,2321493.00,1.45,-1.01,-0.47,0.34,2,634,122.86
688623,双元科技,1,1.688623,2024-09-05,45.95,45.95,46.22,45.75,532,2519171.00,1.03,0.22,0.10,0.37,2,634,122.86
688623,双元科技,1,1.688623,2024-09-06,46.38,44.60,46.38,44.51,938,4377003.00,4.07,-2.94,-1.35,0.66,2,634,122.86
688623,双元科技,1,1.688623,2024-09-09,44.60,44.27,44.62,44.01,1015,4646282.00,1.37,-0.74,-0.33,0.71,2,634,122.86
688623,双元科技,1,1.688623,2024-09-10,44.06,44.66,45.05,44.06,363,1666443.00,2.24,0.88,0.39,0.25,2,634,122.86
688623,双元科技,1,1.688623,2024-09-11,44.96,44.82,45.30,44.02,245,1128123.00,2.87,0.36,0.16,0.17,2,634,122.86
688623,双元科技,1,1.688623,2024-09-12,44.82,44.52,45.09,44.45,330,1524434.00,1.43,-0.67,-0.30,0.23,2,634,122.86
688623,双元科技,1,1.688623,2024-09-13,43.72,44.35,44.67,43.72,263,1199557.00,2.13,-0.38,-0.17,0.18,2,634,122.86
688623,双元科技,1,1.688623,2024-09-18,44.07,43.77,44.15,43.77,409,1855979.00,0.86,-1.31,-0.58,0.29,2,634,122.86
688623,双元科技,1,1.688623,2024-09-19,44.53,44.55,44.73,44.04,797,3655936.00,1.58,1.78,0.78,0.56,2,634,122.86
688623,双元科技,1,1.688623,2024-09-20,44.64,44.43,44.64,44.02,125,574031.00,1.39,-0.27,-0.12,0.09,2,634,122.86
688623,双元科技,1,1.688623,2024-09-23,44.49,45.93,47.04,44.48,2163,10261069.00,5.76,3.38,1.50,1.51,2,634,122.86
688623,双元科技,1,1.688623,2024-09-24,46.45,46.37,46.45,45.39,1702,8067813.00,2.31,0.96,0.44,1.19,2,634,122.86
688623,双元科技,1,1.688623,2024-09-25,46.45,46.48,47.31,46.44,1847,8926159.00,1.88,0.24,0.11,1.29,2,634,122.86
688623,双元科技,1,1.688623,2024-09-26,46.16,47.26,47.26,46.16,1722,8308746.00,2.37,1.68,0.78,1.20,2,634,122.86
688623,双元科技,1,1.688623,2024-09-27,48.44,49.55,49.55,47.40,3118,15656234.00,4.55,4.85,2.29,2.18,2,634,122.86
688623,双元科技,1,1.688623,2024-09-30,52.55,55.89,56.75,51.40,9591,53222279.00,10.80,12.80,6.34,5.76,2,634,122.86
688623,双元科技,1,1.688623,2024-10-08,64.75,61.10,65.21,59.20,13964,88643488.00,10.75,9.32,5.21,8.38,2,634,122.86
688623,双元科技,1,1.688623,2024-10-09,59.61,56.54,60.43,56.22,7027,41979020.00,6.89,-7.46,-4.56,4.22,2,634,122.86
688623,双元科技,1,1.688623,2024-10-10,56.08,55.85,58.33,55.72,3768,21725859.00,4.62,-1.22,-0.69,2.26,2,634,122.86
688623,双元科技,1,1.688623,2024-10-11,55.90,52.77,55.90,52.68,3121,17129553.00,5.77,-5.51,-3.08,1.87,2,634,122.86
688623,双元科技,1,1.688623,2024-10-14,52.54,53.31,53.31,51.71,1718,9251973.00,3.03,1.02,0.54,1.03,2,634,122.86
688623,双元科技,1,1.688623,2024-10-15,53.31,52.36,53.59,52.35,1890,10243116.00,2.33,-1.78,-0.95,1.13,2,634,122.86
688623,双元科技,1,1.688623,2024-10-16,51.38,51.81,52.49,51.38,1294,6879501.00,2.12,-1.05,-0.55,0.78,2,634,122.86
688623,双元科技,1,1.688623,2024-10-17,52.34,51.67,53.00,51.67,1593,8561008.00,2.57,-0.27,-0.14,0.96,2,634,122.86
688623,双元科技,1,1.688623,2024-10-18,51.93,53.77,54.51,51.67,3769,20468649.00,5.50,4.06,2.10,2.26,2,634,122.86
688623,双元科技,1,1.688623,2024-10-21,53.99,54.89,55.62,53.61,4541,25270683.00,3.74,2.08,1.12,2.73,2,634,122.86
688623,双元科技,1,1.688623,2024-10-22,55.01,54.91,55.67,54.01,2824,15850598.00,3.02,0.04,0.02,1.70,2,634,122.86
688623,双元科技,1,1.688623,2024-10-23,54.98,54.60,55.28,54.40,2428,13594586.00,1.60,-0.56,-0.31,1.46,2,634,122.86
688623,双元科技,1,1.688623,2024-10-24,54.60,54.02,54.90,53.64,1646,9113441.00,2.31,-1.06,-0.58,0.99,2,634,122.86
688623,双元科技,1,1.688623,2024-10-25,54.02,55.13,55.40,53.52,2930,16432043.00,3.48,2.05,1.11,1.76,2,634,122.86
688623,双元科技,1,1.688623,2024-10-28,55.30,55.30,55.35,54.83,1581,8915271.00,0.94,0.31,0.17,0.95,2,634,122.86
688623,双元科技,1,1.688623,2024-10-29,55.63,54.31,55.63,54.31,2210,12369628.00,2.39,-1.79,-0.99,1.33,2,634,122.86
688623,双元科技,1,1.688623,2024-10-30,54.81,53.80,54.81,53.72,1494,8264426.00,2.01,-0.94,-0.51,0.90,2,634,122.86
688623,双元科技,1,1.688623,2024-10-31,53.79,53.77,54.40,53.33,1816,10001656.00,1.99,-0.06,-0.03,1.09,2,634,122.86
688623,双元科技,1,1.688623,2024-11-01,53.77,52.58,54.01,52.58,2066,11214556.00,2.66,-2.21,-1.19,1.24,2,634,122.86
688623,双元科技,1,1.688623,2024-11-04,52.35,53.20,53.31,52.35,999,5420447.00,1.83,1.18,0.62,0.60,2,634,122.86
688623,双元科技,1,1.688623,2024-11-05,53.10,54.36,54.66,53.10,1952,10782030.00,2.93,2.18,1.16,1.17,2,634,122.86
688623,双元科技,1,1.688623,2024-11-06,54.45,56.50,56.93,54.21,6420,36723577.00,5.00,3.94,2.14,3.85,2,634,122.86
688623,双元科技,1,1.688623,2024-11-07,56.29,57.03,57.17,55.87,3761,21780676.00,2.30,0.94,0.53,2.26,2,634,122.86
688623,双元科技,1,1.688623,2024-11-08,57.04,57.16,58.08,57.04,3532,20731273.00,1.82,0.23,0.13,2.12,2,634,122.86
688623,双元科技,1,1.688623,2024-11-11,57.79,59.14,59.30,56.82,4653,27686629.00,4.34,3.46,1.98,2.79,2,634,122.86
688623,双元科技,1,1.688623,2024-11-12,59.50,57.81,60.81,56.82,5740,34528900.00,6.75,-2.25,-1.33,3.45,2,634,122.86
688623,双元科技,1,1.688623,2024-11-13,57.41,58.07,58.19,56.51,2771,16217745.00,2.91,0.45,0.26,1.66,2,634,122.86
688623,双元科技,1,1.688623,2024-11-14,58.19,56.66,58.40,56.12,2472,14442596.00,3.93,-2.43,-1.41,1.48,2,634,122.86
688623,双元科技,1,1.688623,2024-11-15,56.12,55.80,56.79,55.72,1656,9508509.00,1.89,-1.52,-0.86,0.99,2,634,122.86
688623,双元科技,1,1.688623,2024-11-18,55.71,54.83,56.07,54.81,1901,10788135.00,2.26,-1.74,-0.97,1.14,2,634,122.86
688623,双元科技,1,1.688623,2024-11-19,54.83,55.81,55.81,54.82,1867,10536814.00,1.81,1.79,0.98,1.12,2,634,122.86
688623,双元科技,1,1.688623,2024-11-20,55.51,56.18,56.51,54.87,1394,7959001.00,2.94,0.66,0.37,0.84,2,634,122.86
688623,双元科技,1,1.688623,2024-11-21,56.29,56.48,56.67,55.77,1377,7914440.00,1.60,0.53,0.30,0.83,2,634,122.86
688623,双元科技,1,1.688623,2024-11-22,57.29,55.59,57.78,55.59,2749,15925224.00,3.88,-1.58,-0.89,1.65,2,634,122.86
688623,双元科技,1,1.688623,2024-11-25,55.69,55.33,56.09,54.76,1191,6731609.00,2.39,-0.47,-0.26,0.71,2,634,122.86
688623,双元科技,1,1.688623,2024-11-26,55.33,54.84,55.92,54.82,798,4504015.00,1.99,-0.89,-0.49,0.48,2,634,122.86
688623,双元科技,1,1.688623,2024-11-27,54.86,55.41,55.60,53.83,2049,11439357.00,3.23,1.04,0.57,1.23,2,634,122.86
688623,双元科技,1,1.688623,2024-11-28,55.45,59.37,60.49,55.20,10460,63013750.00,9.55,7.15,3.96,6.28,2,634,122.86
688623,双元科技,1,1.688623,2024-11-29,59.31,60.19,62.91,57.69,8248,50528383.00,8.79,1.38,0.82,4.95,2,634,122.86
688623,双元科技,1,1.688623,2024-12-02,60.41,60.08,60.62,59.79,4755,29154806.00,1.38,-0.18,-0.11,2.85,2,634,122.86
688623,双元科技,1,1.688623,2024-12-03,59.92,59.33,60.03,58.63,3052,18439640.00,2.33,-1.25,-0.75,1.83,2,634,122.86
688623,双元科技,1,1.688623,2024-12-04,59.03,57.98,59.29,57.32,3966,23537693.00,3.32,-2.28,-1.35,2.38,2,634,122.86
688623,双元科技,1,1.688623,2024-12-05,57.80,59.43,59.49,57.80,3232,19479484.00,2.91,2.50,1.45,1.94,2,634,122.86
688623,双元科技,1,1.688623,2024-12-06,59.11,59.37,59.66,58.82,1777,10744166.00,1.41,-0.10,-0.06,1.07,2,634,122.86
688623,双元科技,1,1.688623,2024-12-09,58.91,58.70,59.71,58.48,1477,8876512.00,2.07,-1.13,-0.67,0.89,2,634,122.86
688623,双元科技,1,1.688623,2024-12-10,59.81,59.10,60.41,58.96,2639,16014756.00,2.47,0.68,0.40,1.58,2,634,122.86
688623,双元科技,1,1.688623,2024-12-11,59.10,59.09,59.38,58.92,1279,7711125.00,0.78,-0.02,-0.01,0.77,2,634,122.86
688623,双元科技,1,1.688623,2024-12-12,58.94,59.05,59.49,58.41,1322,7946183.00,1.83,-0.07,-0.04,0.79,2,634,122.86
688623,双元科技,1,1.688623,2024-12-13,59.10,57.98,59.35,57.82,2170,12904000.00,2.59,-1.81,-1.07,1.30,2,634,122.86
688623,双元科技,1,1.688623,2024-12-16,57.98,58.15,58.57,57.77,2797,16579887.00,1.38,0.29,0.17,1.68,2,634,122.86
688623,双元科技,1,1.688623,2024-12-17,57.83,57.46,58.28,56.99,1986,11682085.00,2.22,-1.19,-0.69,1.19,2,634,122.86
688623,双元科技,1,1.688623,2024-12-18,57.46,57.95,58.41,56.81,1614,9537215.00,2.78,0.85,0.49,0.97,2,634,122.86
688623,双元科技,1,1.688623,2024-12-19,57.81,57.67,58.24,57.47,1224,7220027.00,1.33,-0.48,-0.28,0.73,2,634,122.86
688623,双元科技,1,1.688623,2024-12-20,57.51,57.98,58.40,57.51,1121,6645968.00,1.54,0.54,0.31,0.67,2,634,122.86
688623,双元科技,1,1.688623,2024-12-23,57.68,55.11,58.02,55.11,2887,16611779.00,5.02,-4.95,-2.87,1.73,2,634,122.86
688623,双元科技,1,1.688623,2024-12-24,56.22,55.89,56.22,55.15,1050,5968002.00,1.94,1.42,0.78,0.63,2,634,122.86
688623,双元科技,1,1.688623,2024-12-25,56.26,55.61,56.26,55.11,2075,11750150.00,2.06,-0.50,-0.28,1.25,2,634,122.86
688623,双元科技,1,1.688623,2024-12-26,55.56,55.49,56.26,55.02,1559,8876308.00,2.23,-0.22,-0.12,0.94,2,634,122.86
688623,双元科技,1,1.688623,2024-12-27,55.32,55.41,56.12,55.15,1599,9072159.00,1.75,-0.14,-0.08,0.86,2,634,122.86
688623,双元科技,1,1.688623,2024-12-30,55.81,54.41,55.81,54.32,2013,11269831.00,2.69,-1.80,-1.00,1.08,2,634,122.86
688623,双元科技,1,1.688623,2024-12-31,54.13,53.55,55.29,53.51,1644,9075445.00,3.27,-1.58,-0.86,0.88,2,634,122.86
688623,双元科技,1,1.688623,2025-01-02,53.32,52.11,53.69,52.01,1692,9159347.00,3.14,-2.69,-1.44,0.91,2,634,122.86
688623,双元科技,1,1.688623,2025-01-03,52.31,50.82,52.39,50.75,1531,8059640.00,3.15,-2.48,-1.29,0.82,2,634,122.86
688623,双元科技,1,1.688623,2025-01-06,50.93,50.07,51.44,49.86,2030,10471644.00,3.11,-1.48,-0.75,1.09,2,634,122.86
688623,双元科技,1,1.688623,2025-01-07,50.14,50.54,50.55,49.81,1446,7414345.00,1.48,0.94,0.47,0.77,2,634,122.86
688623,双元科技,1,1.688623,2025-01-08,50.47,50.11,50.49,49.12,1143,5827318.00,2.71,-0.85,-0.43,0.61,2,634,122.86
688623,双元科技,1,1.688623,2025-01-09,50.11,50.13,50.29,49.91,599,3077294.00,0.76,0.04,0.02,0.32,2,634,122.86
688623,双元科技,1,1.688623,2025-01-10,50.12,49.03,50.47,49.01,1008,5128050.00,2.91,-2.19,-1.10,0.54,2,634,122.86
688623,双元科技,1,1.688623,2025-01-13,48.80,49.06,49.41,48.42,1012,5066360.00,2.02,0.06,0.03,0.54,2,634,122.86
688623,双元科技,1,1.688623,2025-01-14,49.05,50.48,50.69,49.05,2078,10648698.00,3.34,2.89,1.42,1.11,2,634,122.86
688623,双元科技,1,1.688623,2025-01-15,50.48,49.89,50.48,49.68,1302,6664371.00,1.58,-1.17,-0.59,0.70,2,634,122.86
688623,双元科技,1,1.688623,2025-01-16,49.75,49.84,50.59,49.54,1600,8185120.00,2.10,-0.10,-0.05,0.86,2,634,122.86
688623,双元科技,1,1.688623,2025-01-17,49.63,49.43,49.99,49.17,1636,8283399.00,1.65,-0.82,-0.41,0.88,2,634,122.86
688623,双元科技,1,1.688623,2025-01-20,49.51,49.58,50.26,49.37,1170,5945722.00,1.80,0.30,0.15,0.63,2,634,122.86
688623,双元科技,1,1.688623,2025-01-21,50.03,49.40,50.03,49.13,1347,6807092.00,1.82,-0.36,-0.18,0.72,2,634,122.86
688623,双元科技,1,1.688623,2025-01-22,49.40,49.27,49.70,48.88,1324,6673032.00,1.66,-0.26,-0.13,0.71,2,634,122.86
688623,双元科技,1,1.688623,2025-01-23,49.34,49.35,50.28,49.23,1835,9350417.00,2.13,0.16,0.08,0.98,2,634,122.86
688623,双元科技,1,1.688623,2025-01-24,49.03,49.53,49.68,49.02,1130,5705611.00,1.34,0.36,0.18,0.61,2,634,122.86
688623,双元科技,1,1.688623,2025-01-27,49.72,49.53,50.28,49.44,1310,6680243.00,1.70,0.00,0.00,0.70,2,634,122.86
688623,双元科技,1,1.688623,2025-02-05,49.53,50.54,50.58,49.49,1630,8365389.00,2.20,2.04,1.01,0.87,2,634,122.86
688623,双元科技,1,1.688623,2025-02-06,50.54,51.61,51.82,50.32,2042,10721236.00,2.97,2.12,1.07,1.09,2,634,122.86
688623,双元科技,1,1.688623,2025-02-07,51.82,51.81,52.45,51.21,2452,13018738.00,2.40,0.39,0.20,1.31,2,634,122.86
688623,双元科技,1,1.688623,2025-02-10,51.82,52.09,52.17,51.81,1424,7571475.00,0.69,0.54,0.28,0.76,2,634,122.86
688623,双元科技,1,1.688623,2025-02-11,51.87,53.01,53.15,51.87,2774,14914668.00,2.46,1.77,0.92,1.49,2,634,122.86
688623,双元科技,1,1.688623,2025-02-12,53.01,52.66,53.06,52.37,1588,8556368.00,1.30,-0.66,-0.35,0.85,2,634,122.86
688623,双元科技,1,1.688623,2025-02-13,52.66,51.84,52.66,51.80,1927,10286937.00,1.63,-1.56,-0.82,1.03,2,634,122.86
688623,双元科技,1,1.688623,2025-02-14,51.81,51.80,52.35,51.38,1422,7551098.00,1.87,-0.08,-0.04,0.76,2,634,122.86
688623,双元科技,1,1.688623,2025-02-17,51.59,52.88,52.89,51.59,2331,12446248.00,2.51,2.08,1.08,1.25,2,634,122.86
688623,双元科技,1,1.688623,2025-02-18,53.15,51.74,53.29,51.61,3284,17629561.00,3.18,-2.16,-1.14,1.76,2,634,122.86
688623,双元科技,1,1.688623,2025-02-19,51.41,53.76,53.98,51.41,4298,23357094.00,4.97,3.90,2.02,2.30,2,634,122.86
688623,双元科技,1,1.688623,2025-02-20,53.75,53.47,53.90,52.89,2209,12058795.00,1.88,-0.54,-0.29,1.18,2,634,122.86
688623,双元科技,1,1.688623,2025-02-21,53.72,54.24,54.42,52.92,3751,20612428.00,2.81,1.44,0.77,2.01,2,634,122.86
688623,双元科技,1,1.688623,2025-02-24,54.61,56.41,56.42,54.61,6274,35751560.00,3.34,4.00,2.17,3.36,2,634,122.86
688623,双元科技,1,1.688623,2025-02-25,56.41,55.72,57.59,55.58,4066,23326178.00,3.56,-1.22,-0.69,2.18,2,634,122.86
688623,双元科技,1,1.688623,2025-02-26,55.81,57.56,58.70,55.81,4655,27341330.00,5.19,3.30,1.84,2.49,2,634,122.86
688623,双元科技,1,1.688623,2025-02-27,57.56,56.68,57.68,56.22,3049,17671472.00,2.54,-1.53,-0.88,1.63,2,634,122.86
688623,双元科技,1,1.688623,2025-02-28,56.47,54.52,56.77,54.52,3704,20876726.00,3.97,-3.81,-2.16,1.98,2,634,122.86
688623,双元科技,1,1.688623,2025-03-03,54.39,55.20,55.91,54.39,3050,17249883.00,2.79,1.25,0.68,1.63,2,634,122.86
688623,双元科技,1,1.688623,2025-03-04,54.85,55.40,55.64,54.84,1627,9212638.00,1.45,0.36,0.20,0.87,2,634,122.86
688623,双元科技,1,1.688623,2025-03-05,55.41,55.19,55.57,54.92,2720,15347170.00,1.17,-0.38,-0.21,1.46,2,634,122.86
688623,双元科技,1,1.688623,2025-03-06,55.34,56.15,56.36,55.34,3328,19025739.00,1.85,1.74,0.96,1.78,2,634,122.86
688623,双元科技,1,1.688623,2025-03-07,56.52,55.28,56.52,54.85,3362,19059165.00,2.97,-1.55,-0.87,1.80,2,634,122.86
688623,双元科技,1,1.688623,2025-03-10,55.51,54.88,55.69,54.51,2561,14370274.00,2.13,-0.72,-0.40,1.37,2,634,122.86
688623,双元科技,1,1.688623,2025-03-11,54.99,54.80,55.11,54.47,1933,10804077.00,1.17,-0.15,-0.08,1.04,2,634,122.86
688623,双元科技,1,1.688623,2025-03-12,55.04,55.30,55.68,54.80,2590,14634765.00,1.61,0.91,0.50,1.39,2,634,122.86
688623,双元科技,1,1.688623,2025-03-13,55.34,54.35,55.34,54.07,2597,14436829.00,2.30,-1.72,-0.95,1.39,2,634,122.86
688623,双元科技,1,1.688623,2025-03-14,54.24,55.88,56.16,54.24,2962,16755830.00,3.53,2.82,1.53,1.59,2,634,122.86
688623,双元科技,1,1.688623,2025-03-17,56.46,55.69,56.46,55.37,2115,12021860.00,1.95,-0.34,-0.19,1.13,2,634,122.86
688623,双元科技,1,1.688623,2025-03-18,55.63,56.07,56.38,55.63,1701,9729889.00,1.35,0.68,0.38,0.91,2,634,122.86
688623,双元科技,1,1.688623,2025-03-19,56.82,55.98,56.82,55.81,1926,11081362.00,1.80,-0.16,-0.09,1.03,2,634,122.86
688623,双元科技,1,1.688623,2025-03-20,56.31,55.31,56.31,55.31,2020,11498727.00,1.79,-1.20,-0.67,1.08,2,634,122.86
688623,双元科技,1,1.688623,2025-03-21,55.31,55.37,56.56,54.81,2605,14791620.00,3.16,0.11,0.06,1.40,2,634,122.86
688623,双元科技,1,1.688623,2025-03-24,54.81,55.93,56.19,54.81,5821,33042926.00,2.49,1.01,0.56,3.12,2,634,122.86
688623,双元科技,1,1.688623,2025-03-25,56.12,55.96,56.67,55.49,2901,16603332.00,2.11,0.05,0.03,1.55,2,634,122.86
688623,双元科技,1,1.688623,2025-03-26,55.81,56.28,57.29,55.61,3448,19896938.00,3.00,0.57,0.32,1.85,2,634,122.86
688623,双元科技,1,1.688623,2025-03-27,56.51,56.28,56.99,55.31,2788,16016772.00,2.99,0.00,0.00,1.49,2,634,122.86
688623,双元科技,1,1.688623,2025-03-28,55.80,56.38,57.23,55.80,3671,21273333.00,2.54,0.18,0.10,1.97,2,634,122.86
688623,双元科技,1,1.688623,2025-03-31,56.44,56.10,56.44,55.46,2326,13244377.00,1.74,-0.50,-0.28,1.25,2,634,122.86
688623,双元科技,1,1.688623,2025-04-01,56.13,56.08,56.51,55.83,2256,12927915.00,1.21,-0.04,-0.02,1.21,2,634,122.86
688623,双元科技,1,1.688623,2025-04-02,55.82,57.30,57.37,55.82,5496,31947472.00,2.76,2.18,1.22,2.94,2,634,122.86
688623,双元科技,1,1.688623,2025-04-03,57.02,59.19,59.59,56.92,9082,54191384.00,4.66,3.30,1.89,4.87,2,634,122.86
688623,双元科技,1,1.688623,2025-04-07,57.53,54.40,57.61,51.31,10573,59197160.00,10.64,-8.09,-4.79,5.66,2,634,122.86
688623,双元科技,1,1.688623,2025-04-08,54.41,55.21,55.51,52.42,6421,35537495.00,5.68,1.49,0.81,3.44,2,634,122.86
688623,双元科技,1,1.688623,2025-04-09,55.21,57.18,57.35,53.47,9329,53042541.00,7.03,3.57,1.97,5.00,2,634,122.86
688623,双元科技,1,1.688623,2025-04-10,57.31,57.22,58.06,56.61,8078,47250537.00,2.54,0.07,0.04,4.33,2,634,122.86
688623,双元科技,1,1.688623,2025-04-11,57.07,56.83,57.30,56.51,3392,19731724.00,1.38,-0.68,-0.39,1.82,2,634,122.86
688623,双元科技,1,1.688623,2025-04-14,56.83,56.96,57.30,56.61,3457,20098589.00,1.21,0.23,0.13,1.85,2,634,122.86
688623,双元科技,1,1.688623,2025-04-15,56.81,57.38,57.67,56.81,2105,12263497.00,1.51,0.74,0.42,1.13,2,634,122.86
688623,双元科技,1,1.688623,2025-04-16,57.38,57.06,57.51,56.51,2376,13795938.00,1.74,-0.56,-0.32,1.27,2,634,122.86
688623,双元科技,1,1.688623,2025-04-17,57.06,56.86,57.29,56.20,3401,19717632.00,1.91,-0.35,-0.20,1.82,2,634,122.86
688623,双元科技,1,1.688623,2025-04-18,56.72,56.55,56.90,56.52,2413,13952734.00,0.67,-0.55,-0.31,1.29,2,634,122.86
688623,双元科技,1,1.688623,2025-04-21,56.81,56.60,56.81,56.32,3292,18987382.00,0.87,0.09,0.05,1.76,2,634,122.86
688623,双元科技,1,1.688623,2025-04-22,56.56,55.89,56.56,55.71,4383,25109500.00,1.50,-1.25,-0.71,2.35,2,634,122.86
688623,双元科技,1,1.688623,2025-04-23,55.89,55.81,56.43,55.44,5338,30442675.00,1.77,-0.14,-0.08,2.86,2,634,122.86
688623,双元科技,1,1.688623,2025-04-24,55.90,55.63,55.97,55.24,3420,19393918.00,1.31,-0.32,-0.18,1.83,2,634,122.86
688623,双元科技,1,1.688623,2025-04-25,55.34,55.46,55.59,55.25,1036,5860865.00,0.61,-0.31,-0.17,0.55,2,634,122.86
688623,双元科技,1,1.688623,2025-04-28,55.56,55.47,56.21,55.08,1965,11156620.00,2.04,0.02,0.01,1.05,2,634,122.86
688623,双元科技,1,1.688623,2025-04-29,55.37,56.71,57.46,55.25,5247,30227069.00,3.98,2.24,1.24,2.81,2,634,122.86
688623,双元科技,1,1.688623,2025-04-30,56.76,57.61,58.31,56.76,4312,25371844.00,2.73,1.59,0.90,2.31,2,634,122.86
688623,双元科技,1,1.688623,2025-05-06,58.21,60.73,61.23,57.69,9298,56675469.00,6.14,5.42,3.12,4.98,2,634,122.86
688623,双元科技,1,1.688623,2025-05-07,60.78,60.31,61.08,59.79,4817,29675209.00,2.12,-0.69,-0.42,2.58,2,634,122.86
688623,双元科技,1,1.688623,2025-05-08,60.80,61.01,61.50,60.09,5682,35363689.00,2.34,1.16,0.70,3.04,2,634,122.86
688623,双元科技,1,1.688623,2025-05-09,61.05,60.39,61.05,59.92,3070,18858782.00,1.85,-1.02,-0.62,1.64,2,634,122.86
688623,双元科技,1,1.688623,2025-05-12,60.43,60.73,60.77,59.92,2548,15711488.00,1.41,0.56,0.34,1.37,2,634,122.86
688623,双元科技,1,1.688623,2025-05-13,61.01,60.81,61.79,60.73,5263,32877649.00,1.75,0.13,0.08,2.82,2,634,122.86
688623,双元科技,1,1.688623,2025-05-14,61.14,60.25,61.21,60.17,3359,20733338.00,1.71,-0.92,-0.56,1.80,2,634,122.86
688623,双元科技,1,1.688623,2025-05-15,60.37,60.62,60.65,59.76,2859,17550647.00,1.48,0.61,0.37,1.53,2,634,122.86
688623,双元科技,1,1.688623,2025-05-16,60.62,63.42,63.79,60.32,14426,92748684.00,5.72,4.62,2.80,7.73,2,634,122.86
688623,双元科技,1,1.688623,2025-05-19,63.44,62.61,65.38,62.41,11067,71861332.00,4.68,-1.28,-0.81,5.93,2,634,122.86
688623,双元科技,1,1.688623,2025-05-20,62.64,62.16,63.19,61.63,6498,41177654.00,2.49,-0.72,-0.45,3.48,2,634,122.86
688623,双元科技,1,1.688623,2025-05-21,61.96,61.21,62.79,60.83,4903,30751724.00,3.15,-1.53,-0.95,2.63,2,634,122.86
688623,双元科技,1,1.688623,2025-05-22,60.92,61.13,61.49,60.63,2617,16302531.00,1.41,-0.13,-0.08,1.40,2,634,122.86
688623,双元科技,1,1.688623,2025-05-23,60.92,58.77,61.46,58.61,6496,39699890.00,4.66,-3.86,-2.36,3.48,2,634,122.86
688623,双元科技,1,1.688623,2025-05-26,59.06,59.97,60.77,58.80,4149,25325190.00,3.35,2.04,1.20,2.22,2,634,122.86
688623,双元科技,1,1.688623,2025-05-27,59.96,59.81,60.81,59.43,4081,25010938.00,2.30,-0.27,-0.16,2.19,2,634,122.86
688623,双元科技,1,1.688623,2025-05-28,60.36,59.78,60.63,58.81,2721,16551997.00,3.04,-0.05,-0.03,1.46,2,634,122.86
688623,双元科技,1,1.688623,2025-05-29,60.01,60.56,60.79,59.77,3667,22577521.00,1.71,1.30,0.78,1.96,2,634,122.86
688623,双元科技,1,1.688623,2025-05-30,59.97,60.31,60.99,59.81,2436,14976139.00,1.95,-0.41,-0.25,1.31,2,634,122.86
688623,双元科技,1,1.688623,2025-06-03,60.51,60.37,60.51,59.71,1981,12151678.00,1.33,0.10,0.06,1.06,2,634,122.86
688623,双元科技,1,1.688623,2025-06-04,60.51,60.46,60.75,59.86,1705,10492405.00,1.47,0.15,0.09,0.91,2,634,122.86
688623,双元科技,1,1.688623,2025-06-05,60.43,62.21,62.27,60.43,6373,40049064.00,3.04,2.89,1.75,3.41,2,634,122.86
688623,双元科技,1,1.688623,2025-06-06,61.82,61.85,62.45,61.70,2067,13077199.00,1.21,-0.58,-0.36,1.11,2,634,122.86
688623,双元科技,1,1.688623,2025-06-09,62.31,62.53,62.84,61.87,2719,17275553.00,1.57,1.10,0.68,1.42,2,634,122.86
688623,双元科技,1,1.688623,2025-06-10,62.58,62.24,62.96,61.85,3661,23291973.00,1.78,-0.46,-0.29,1.91,2,634,122.86
688623,双元科技,1,1.688623,2025-06-11,61.98,63.05,63.62,61.96,5219,33512186.00,2.67,1.30,0.81,2.73,2,634,122.86
688623,双元科技,1,1.688623,2025-06-12,62.81,63.00,63.12,62.44,2926,18737963.00,1.08,-0.08,-0.05,1.53,2,634,122.86
688623,双元科技,1,1.688623,2025-06-13,62.61,61.93,62.84,61.69,3770,23905949.00,1.83,-1.70,-1.07,1.97,2,634,122.86
688623,双元科技,1,1.688623,2025-06-16,62.31,62.41,62.81,61.62,2681,17032162.00,1.92,0.78,0.48,1.40,2,634,122.86
688623,双元科技,1,1.688623,2025-06-17,62.80,62.61,64.19,61.94,9760,62963347.00,3.61,0.32,0.20,5.10,2,634,122.86
688623,双元科技,1,1.688623,2025-06-18,62.54,62.60,62.67,61.71,2804,17755335.00,1.53,-0.02,-0.01,1.46,2,634,122.86
688623,双元科技,1,1.688623,2025-06-19,62.60,63.41,63.62,62.42,6567,42145869.00,1.92,1.29,0.81,3.43,2,634,122.86
688623,双元科技,1,1.688623,2025-06-20,63.01,62.56,63.61,61.91,5221,33269925.00,2.68,-1.34,-0.85,2.73,2,634,122.86
688623,双元科技,1,1.688623,2025-06-23,62.56,61.19,62.71,60.93,8219,51383965.00,2.85,-2.19,-1.37,4.29,2,634,122.86
688623,双元科技,1,1.688623,2025-06-24,61.23,63.32,64.18,60.60,18195,114653142.00,5.85,3.48,2.13,9.51,2,634,122.86
688623,双元科技,1,1.688623,2025-06-25,63.38,63.18,63.54,62.66,7195,45536480.00,1.39,-0.22,-0.14,3.76,2,634,122.86
688623,双元科技,1,1.688623,2025-06-26,62.98,63.01,63.66,62.59,4439,27994434.00,1.69,-0.27,-0.17,2.32,2,634,122.86
688623,双元科技,1,1.688623,2025-06-27,62.88,63.47,63.68,62.68,6686,42286877.00,1.59,0.73,0.46,3.49,2,634,122.86
688623,双元科技,1,1.688623,2025-06-30,63.43,62.65,64.08,62.56,8540,53858006.00,2.39,-1.29,-0.82,4.46,2,634,122.86
688623,双元科技,1,1.688623,2025-07-01,63.38,62.76,63.48,62.61,4987,31476636.00,1.39,0.18,0.11,2.61,2,634,122.86
688623,双元科技,1,1.688623,2025-07-02,62.78,64.67,65.03,62.69,16549,106309181.00,3.73,3.04,1.91,8.65,2,634,122.86
688623,双元科技,1,1.688623,2025-07-03,64.87,63.87,65.18,63.73,7574,48610285.00,2.24,-1.24,-0.80,3.96,2,634,122.86
688623,双元科技,1,1.688623,2025-07-04,64.11,63.25,64.13,63.18,5636,35933161.00,1.49,-0.97,-0.62,2.94,2,634,122.86
688623,双元科技,1,1.688623,2025-07-07,63.41,66.96,68.08,63.09,20840,138120908.00,7.89,5.87,3.71,10.89,2,634,122.86
688623,双元科技,1,1.688623,2025-07-08,66.95,66.91,68.48,65.78,16929,114007304.00,4.03,-0.07,-0.05,8.84,2,634,122.86
688623,双元科技,1,1.688623,2025-07-09,67.13,65.21,67.40,64.88,10019,66128187.00,3.77,-2.54,-1.70,5.23,2,634,122.86
688623,双元科技,1,1.688623,2025-07-10,65.35,64.94,65.35,63.88,8592,55444263.00,2.25,-0.41,-0.27,4.49,2,634,122.86
688623,双元科技,1,1.688623,2025-07-11,64.94,64.70,65.13,64.09,5242,33966580.00,1.60,-0.37,-0.24,2.74,2,634,122.86
688623,双元科技,1,1.688623,2025-07-14,64.73,65.45,65.88,64.68,5476,35785735.00,1.85,1.16,0.75,2.86,2,634,122.86
688623,双元科技,1,1.688623,2025-07-15,65.41,64.90,65.48,64.54,3413,22194399.00,1.44,-0.84,-0.55,1.78,2,634,122.86
688623,双元科技,1,1.688623,2025-07-16,65.18,64.97,65.56,64.55,4002,26041133.00,1.56,0.11,0.07,2.09,2,634,122.86
688623,双元科技,1,1.688623,2025-07-17,65.24,64.90,65.28,64.70,3945,25643537.00,0.89,-0.11,-0.07,2.06,2,634,122.86
688623,双元科技,1,1.688623,2025-07-18,64.91,65.46,66.83,64.53,7185,47013766.00,3.54,0.86,0.56,3.75,2,634,122.86
688623,双元科技,1,1.688623,2025-07-21,65.26,66.18,66.48,65.06,5673,37318764.00,2.17,1.10,0.72,2.96,2,634,122.86
688623,双元科技,1,1.688623,2025-07-22,66.22,65.69,66.22,65.36,4664,30720362.00,1.30,-0.74,-0.49,2.44,2,634,122.86
688623,双元科技,1,1.688623,2025-07-23,65.68,66.78,67.40,65.55,7589,50639501.00,2.82,1.66,1.09,3.96,2,634,122.86
688623,双元科技,1,1.688623,2025-07-24,66.78,67.00,67.33,66.49,3338,22386913.00,1.26,0.33,0.22,1.74,2,634,122.86
688623,双元科技,1,1.688623,2025-07-25,67.19,67.88,68.43,66.87,7517,51078524.00,2.33,1.31,0.88,3.93,2,634,122.86
688623,双元科技,1,1.688623,2025-07-28,67.75,68.88,69.86,67.41,8825,60982162.00,3.61,1.47,1.00,4.61,2,634,122.86
688623,双元科技,1,1.688623,2025-07-29,69.08,68.18,69.08,67.74,7281,49752950.00,1.95,-1.02,-0.70,3.80,2,634,122.86
688623,双元科技,1,1.688623,2025-07-30,68.13,67.74,68.37,66.88,6993,47304786.00,2.19,-0.65,-0.44,3.65,2,634,122.86
688623,双元科技,1,1.688623,2025-07-31,67.39,67.82,69.38,67.30,9284,63363696.00,3.07,0.12,0.08,4.85,2,634,122.86
688623,双元科技,1,1.688623,2025-08-01,67.60,67.60,68.25,67.29,5145,34869284.00,1.42,-0.32,-0.22,2.69,2,634,122.86
688623,双元科技,1,1.688623,2025-08-04,67.62,69.32,69.37,67.48,6593,45365962.00,2.80,2.54,1.72,3.44,2,634,122.86
688623,双元科技,1,1.688623,2025-08-05,69.68,69.85,70.64,68.89,6116,42854532.00,2.52,0.76,0.53,3.19,2,634,122.86
688623,双元科技,1,1.688623,2025-08-06,70.08,70.78,72.38,69.63,9414,67214103.00,3.94,1.33,0.93,4.92,2,634,122.86
688623,双元科技,1,1.688623,2025-08-07,70.48,71.86,72.48,70.30,7580,54246350.00,3.08,1.53,1.08,3.96,2,634,122.86
688623,双元科技,1,1.688623,2025-08-08,71.88,71.18,71.90,70.68,6924,49278390.00,1.70,-0.95,-0.68,3.62,2,634,122.86
688623,双元科技,1,1.688623,2025-08-11,71.23,72.63,73.17,70.99,8893,64340745.00,3.06,2.04,1.45,4.65,2,634,122.86
688623,双元科技,1,1.688623,2025-08-12,72.88,72.25,72.88,71.58,4637,33403050.00,1.79,-0.52,-0.38,2.42,2,634,122.86
688623,双元科技,1,1.688623,2025-08-13,72.38,70.96,72.38,70.76,8982,64030551.00,2.24,-1.79,-1.29,4.69,2,634,122.86
688623,双元科技,1,1.688623,2025-08-14,70.88,69.52,71.16,69.29,8245,57839093.00,2.64,-2.03,-1.44,4.31,2,634,122.86
688623,双元科技,1,1.688623,2025-08-15,69.40,70.30,70.63,69.40,4427,31145704.00,1.77,1.12,0.78,2.31,2,634,122.86
688623,双元科技,1,1.688623,2025-08-18,70.28,70.34,71.38,70.03,7048,49712473.00,1.92,0.06,0.04,3.68,2,634,122.86
688623,双元科技,1,1.688623,2025-08-19,70.44,70.46,71.28,69.78,5527,38986904.00,2.13,0.17,0.12,2.89,2,634,122.86
688623,双元科技,1,1.688623,2025-08-20,70.09,71.50,71.59,69.99,5719,40688202.00,2.27,1.48,1.04,2.99,2,634,122.86
688623,双元科技,1,1.688623,2025-08-21,71.83,71.06,71.83,70.38,4451,31678760.00,2.03,-0.62,-0.44,2.33,2,634,122.86
688623,双元科技,1,1.688623,2025-08-22,71.39,71.33,71.39,70.50,3876,27565834.00,1.25,0.38,0.27,2.02,2,634,122.86
688623,双元科技,1,1.688623,2025-08-25,71.01,71.02,71.50,70.54,6193,44034282.00,1.35,-0.43,-0.31,3.24,2,634,122.86
688623,双元科技,1,1.688623,2025-08-26,70.42,68.60,70.48,67.69,11221,77308173.00,3.93,-3.41,-2.42,5.86,2,634,122.86
688623,双元科技,1,1.688623,2025-08-27,68.58,68.04,69.13,67.97,6019,41283612.00,1.69,-0.82,-0.56,3.14,2,634,122.86
688623,双元科技,1,1.688623,2025-08-28,67.38,67.58,68.33,66.65,5479,37050565.00,2.47,-0.68,-0.46,2.86,2,634,122.86
688623,双元科技,1,1.688623,2025-08-29,68.16,67.65,68.27,67.38,3063,20867101.00,1.32,0.10,0.07,1.60,2,634,122.86
688623,双元科技,1,1.688623,2025-09-01,67.38,68.02,68.40,67.38,2381,16209794.00,1.51,0.55,0.37,1.24,2,634,122.86
688623,双元科技,1,1.688623,2025-09-02,67.78,66.91,68.39,66.77,5551,37381733.00,2.38,-1.63,-1.11,2.90,2,634,122.86
688623,双元科技,1,1.688623,2025-09-03,67.48,66.63,67.87,66.59,3617,24307955.00,1.91,-0.42,-0.28,1.89,2,634,122.86
688623,双元科技,1,1.688623,2025-09-04,66.38,65.96,67.07,65.40,3633,24089826.00,2.51,-1.01,-0.67,1.90,2,634,122.86
688623,双元科技,1,1.688623,2025-09-05,66.48,66.88,67.06,65.82,3452,22973762.00,1.88,1.39,0.92,1.80,2,634,122.86
688623,双元科技,1,1.688623,2025-09-08,66.23,67.88,68.12,66.22,2981,20100056.00,2.84,1.50,1.00,1.56,2,634,122.86
688623,双元科技,1,1.688623,2025-09-09,67.87,67.33,68.11,66.68,2722,18376080.00,2.11,-0.81,-0.55,1.42,2,634,122.86
688623,双元科技,1,1.688623,2025-09-10,66.88,67.00,67.44,66.77,1336,8964683.00,1.00,-0.49,-0.33,0.70,2,634,122.86
688623,双元科技,1,1.688623,2025-09-11,66.98,67.88,68.16,66.44,3455,23376152.00,2.57,1.31,0.88,1.80,2,634,122.86
688623,双元科技,1,1.688623,2025-09-12,68.10,67.74,68.13,67.35,3084,20901450.00,1.15,-0.21,-0.14,1.61,2,634,122.86
688623,双元科技,1,1.688623,2025-09-15,67.71,67.50,69.21,67.38,6165,42154841.00,2.70,-0.35,-0.24,3.22,2,634,122.86
688623,双元科技,1,1.688623,2025-09-16,67.86,68.44,68.87,67.27,4853,33126589.00,2.37,1.39,0.94,2.54,2,634,122.86
688623,双元科技,1,1.688623,2025-09-17,68.44,68.04,68.86,67.83,2410,16464591.00,1.50,-0.58,-0.40,1.26,2,634,122.86
688623,双元科技,1,1.688623,2025-09-18,68.04,67.16,68.07,66.78,3393,22970211.00,1.90,-1.29,-0.88,1.77,2,634,122.86
688623,双元科技,1,1.688623,2025-09-19,67.33,66.76,67.37,66.09,3040,20306501.00,1.91,-0.60,-0.40,1.59,2,634,122.86
688623,双元科技,1,1.688623,2025-09-22,66.88,66.44,67.37,66.12,1834,12229731.00,1.87,-0.48,-0.32,0.96,2,634,122.86
688623,双元科技,1,1.688623,2025-09-23,66.29,65.18,66.42,64.46,4082,26654656.00,2.95,-1.90,-1.26,2.13,2,634,122.86
688623,双元科技,1,1.688623,2025-09-24,65.18,66.08,66.36,64.76,4504,29551080.00,2.45,1.38,0.90,2.35,2,634,122.86
688623,双元科技,1,1.688623,2025-09-25,65.99,65.84,67.22,65.60,4182,27836497.00,2.45,-0.36,-0.24,2.18,2,634,122.86
688623,双元科技,1,1.688623,2025-09-26,65.98,65.05,66.08,64.89,2759,18052985.00,1.81,-1.20,-0.79,1.44,2,634,122.86
688623,双元科技,1,1.688623,2025-09-29,65.32,65.19,65.48,64.74,2373,15467522.00,1.14,0.22,0.14,1.24,2,634,122.86
688623,双元科技,1,1.688623,2025-09-30,65.30,66.17,66.38,65.17,2395,15822435.00,1.86,1.50,0.98,1.25,2,634,122.86
688623,双元科技,1,1.688623,2025-10-09,66.49,68.46,68.86,66.20,6687,45469479.00,4.02,3.46,2.29,3.49,2,634,122.86
688623,双元科技,1,1.688623,2025-10-10,68.37,67.69,68.38,67.38,2424,16452317.00,1.46,-1.12,-0.77,1.27,2,634,122.86
688623,双元科技,1,1.688623,2025-10-13,67.37,67.96,68.16,66.10,3390,22941397.00,3.04,0.40,0.27,1.77,2,634,122.86
688623,双元科技,1,1.688623,2025-10-14,68.28,67.58,68.38,66.85,3358,22736994.00,2.25,-0.56,-0.38,1.75,2,634,122.86
688623,双元科技,1,1.688623,2025-10-15,67.67,67.63,67.86,67.11,2132,14396972.00,1.11,0.07,0.05,1.11,2,634,122.86
688623,双元科技,1,1.688623,2025-10-16,67.76,67.70,68.17,67.03,2861,19393189.00,1.69,0.10,0.07,1.49,2,634,122.86
688623,双元科技,1,1.688623,2025-10-17,67.58,67.53,67.88,67.22,3234,21867317.00,0.97,-0.25,-0.17,1.69,2,634,122.86
688623,双元科技,1,1.688623,2025-10-20,67.83,68.01,68.20,67.39,3043,20691009.00,1.20,0.71,0.48,1.59,2,634,122.86
688623,双元科技,1,1.688623,2025-10-21,68.17,68.89,69.18,67.81,3571,24552299.00,2.01,1.29,0.88,1.87,2,634,122.86
688623,双元科技,1,1.688623,2025-10-22,69.26,68.87,69.26,68.38,4147,28595925.00,1.28,-0.03,-0.02,2.17,2,634,122.86
688623,双元科技,1,1.688623,2025-10-23,69.00,68.72,69.00,67.86,3099,21206735.00,1.66,-0.22,-0.15,1.62,2,634,122.86
688623,双元科技,1,1.688623,2025-10-24,68.90,70.49,70.88,68.40,7276,50994447.00,3.61,2.58,1.77,3.80,2,634,122.86
688623,双元科技,1,1.688623,2025-10-27,71.00,70.49,71.00,69.75,6321,44413250.00,1.77,0.00,0.00,3.30,2,634,122.86
688623,双元科技,1,1.688623,2025-10-28,69.91,72.20,72.57,69.85,10427,74640522.00,3.86,2.43,1.71,5.45,2,634,122.86
688623,双元科技,1,1.688623,2025-10-29,72.05,71.37,72.47,71.21,4303,30825702.00,1.75,-1.15,-0.83,2.25,2,634,122.86
688623,双元科技,1,1.688623,2025-10-30,71.33,71.99,72.35,71.01,5771,41506329.00,1.88,0.87,0.62,3.01,2,634,122.86
688623,双元科技,1,1.688623,2025-10-31,71.29,72.96,73.50,71.29,8313,60372637.00,3.07,1.35,0.97,4.34,2,634,122.86
688623,双元科技,1,1.688623,2025-11-03,73.40,78.87,79.30,72.95,25314,195878508.00,8.70,8.10,5.91,13.22,2,634,122.86
688623,双元科技,1,1.688623,2025-11-04,78.87,74.34,78.87,73.62,16498,124773011.00,6.66,-5.74,-4.53,8.62,2,634,122.86
688623,双元科技,1,1.688623,2025-11-05,74.30,75.19,75.58,73.72,7033,52544092.00,2.50,1.14,0.85,3.67,2,634,122.86
688623,双元科技,1,1.688623,2025-11-06,75.55,76.45,77.19,74.72,7054,53697698.00,3.29,1.68,1.26,3.68,2,634,122.86
688623,双元科技,1,1.688623,2025-11-07,75.80,76.32,76.88,75.55,4845,36912795.00,1.74,-0.17,-0.13,2.53,2,634,122.86
688623,双元科技,1,1.688623,2025-11-10,76.41,77.83,78.80,75.62,8486,66194164.00,4.17,1.98,1.51,4.43,2,634,122.86
688623,双元科技,1,1.688623,2025-11-11,77.83,75.75,78.57,74.88,8479,64375943.00,4.74,-2.67,-2.08,4.43,2,634,122.86
688623,双元科技,1,1.688623,2025-11-12,75.75,75.25,75.75,74.50,4276,32028078.00,1.65,-0.66,-0.50,2.23,2,634,122.86
688623,双元科技,1,1.688623,2025-11-13,75.39,75.88,75.88,74.77,4037,30381080.00,1.48,0.84,0.63,2.11,2,634,122.86
688623,双元科技,1,1.688623,2025-11-14,75.12,75.66,76.50,75.06,3461,26252019.00,1.90,-0.29,-0.22,1.81,2,634,122.86
688623,双元科技,1,1.688623,2025-11-17,75.88,75.70,75.91,74.83,2710,20429340.00,1.43,0.05,0.04,1.42,2,634,122.86
688623,双元科技,1,1.688623,2025-11-18,75.87,75.60,76.20,75.09,2358,17794560.00,1.47,-0.13,-0.10,1.23,2,634,122.86
688623,双元科技,1,1.688623,2025-11-19,75.63,74.75,75.78,74.49,2868,21522411.00,1.71,-1.12,-0.85,1.50,2,634,122.86
688623,双元科技,1,1.688623,2025-11-20,75.23,75.28,75.75,74.60,2607,19562152.00,1.54,0.71,0.53,1.36,2,634,122.86
688623,双元科技,1,1.688623,2025-11-21,74.70,72.08,75.20,72.01,6940,50678871.00,4.24,-4.25,-3.20,3.63,2,634,122.86
688623,双元科技,1,1.688623,2025-11-24,72.45,73.22,73.87,72.08,2672,19584163.00,2.48,1.58,1.14,1.40,2,634,122.86
688623,双元科技,1,1.688623,2025-11-25,73.53,73.44,74.12,73.41,1361,10035584.00,0.97,0.30,0.22,0.71,2,634,122.86
688623,双元科技,1,1.688623,2025-11-26,73.84,73.50,73.94,73.02,2650,19461839.00,1.25,0.08,0.06,1.38,2,634,122.86
688623,双元科技,1,1.688623,2025-11-27,73.35,74.24,74.51,73.35,2818,20875328.00,1.58,1.01,0.74,1.47,2,634,122.86
688623,双元科技,1,1.688623,2025-11-28,74.91,76.50,76.61,74.02,5665,42931783.00,3.49,3.04,2.26,2.96,2,634,122.86
688623,双元科技,1,1.688623,2025-12-01,76.52,75.75,76.95,75.25,3816,28899008.00,2.22,-0.98,-0.75,1.99,2,634,122.86
688623,双元科技,1,1.688623,2025-12-02,75.60,76.16,76.65,75.24,6028,45945337.00,1.86,0.54,0.41,3.15,2,634,122.86
688623,双元科技,1,1.688623,2025-12-03,75.53,76.08,76.10,75.32,1708,12942183.00,1.02,-0.11,-0.08,0.89,2,634,122.86
688623,双元科技,1,1.688623,2025-12-04,75.81,76.28,76.40,75.34,3465,26315381.00,1.39,0.26,0.20,1.81,2,634,122.86
688623,双元科技,1,1.688623,2025-12-05,76.22,77.00,77.00,75.70,5209,39799583.00,1.70,0.94,0.72,2.72,2,634,122.86
688623,双元科技,1,1.688623,2025-12-08,76.80,82.56,83.50,76.80,17722,143037950.00,8.70,7.22,5.56,9.26,2,634,122.86
688623,双元科技,1,1.688623,2025-12-09,84.56,84.00,87.60,82.44,19601,167065489.00,6.25,1.74,1.44,10.24,2,634,122.86
688623,双元科技,1,1.688623,2025-12-10,87.00,90.60,91.33,86.00,25234,223910560.00,6.35,7.86,6.60,13.18,2,634,122.86
688623,双元科技,1,1.688623,2025-12-11,93.11,91.45,94.50,89.00,18455,169208049.00,6.07,0.94,0.85,9.64,2,634,122.86
688623,双元科技,1,1.688623,2025-12-12,92.00,86.62,92.00,85.00,17436,151517099.00,7.65,-5.28,-4.83,9.11,2,634,122.86
688623,双元科技,1,1.688623,2025-12-15,85.73,83.60,86.30,83.33,12243,103216048.00,3.43,-3.49,-3.02,6.40,2,634,122.86
688623,双元科技,1,1.688623,2025-12-16,84.30,82.88,84.80,81.84,10014,83258066.00,3.54,-0.86,-0.72,5.23,2,634,122.86
688623,双元科技,1,1.688623,2025-12-17,82.74,84.12,84.50,80.71,8740,71994225.00,4.57,1.50,1.24,4.57,2,634,122.86
688623,双元科技,1,1.688623,2025-12-18,84.00,83.39,84.00,82.23,4552,37817444.00,2.10,-0.87,-0.73,2.38,2,634,122.86
688623,双元科技,1,1.688623,2025-12-19,83.41,83.64,84.19,82.85,4047,33765014.00,1.61,0.30,0.25,2.11,2,634,122.86
688623,双元科技,1,1.688623,2025-12-22,83.48,83.70,84.34,82.82,5165,43118956.00,1.82,0.07,0.06,2.70,2,634,122.86
688623,双元科技,1,1.688623,2025-12-23,83.69,85.32,85.51,83.21,7878,66641882.00,2.75,1.94,1.62,4.12,2,634,122.86
688623,双元科技,1,1.688623,2025-12-24,85.37,86.40,88.20,85.15,10579,91817827.00,3.57,1.27,1.08,5.53,2,634,122.86
688623,双元科技,1,1.688623,2025-12-25,86.80,89.09,89.50,85.41,12986,113812881.00,4.73,3.11,2.69,6.78,2,634,122.86
688623,双元科技,1,1.688623,2025-12-26,88.10,86.90,88.87,85.65,9953,86372720.00,3.61,-2.46,-2.19,5.20,2,634,122.86
688623,双元科技,1,1.688623,2025-12-29,86.90,91.36,92.83,86.13,18484,165014103.00,7.71,5.13,4.46,9.66,2,634,122.86
688623,双元科技,1,1.688623,2025-12-30,89.51,95.70,96.35,88.30,26755,247946101.00,8.81,4.75,4.34,13.98,2,634,122.86
688623,双元科技,1,1.688623,2025-12-31,94.09,93.90,96.80,93.00,17628,166798447.00,3.97,-1.88,-1.80,9.21,2,634,122.86
688623,双元科技,1,1.688623,2026-01-05,93.90,96.85,101.00,92.90,27995,275894232.00,8.63,3.14,2.95,14.62,2,634,122.86
688623,双元科技,1,1.688623,2026-01-06,97.00,104.01,105.29,97.00,30523,312058803.00,8.56,7.39,7.16,15.94,2,634,122.86
688623,双元科技,1,1.688623,2026-01-07,102.97,105.50,107.85,101.30,23676,249156268.00,6.30,1.43,1.49,12.37,2,634,122.86
688623,双元科技,1,1.688623,2026-01-08,106.00,101.83,107.18,101.14,21663,223036904.00,5.73,-3.48,-3.67,11.32,2,634,122.86
688623,双元科技,1,1.688623,2026-01-09,103.87,106.22,108.80,101.83,21889,230816409.00,6.84,4.31,4.39,11.43,2,634,122.86
688623,双元科技,1,1.688623,2026-01-12,106.54,105.30,108.25,103.53,19449,205513917.00,4.44,-0.87,-0.92,10.16,2,634,122.86
688623,双元科技,1,1.688623,2026-01-13,106.00,109.54,112.60,103.41,24236,263515352.00,8.73,4.03,4.24,12.66,2,634,122.86
688623,双元科技,1,1.688623,2026-01-14,110.06,106.06,110.80,105.70,15198,163768599.00,4.66,-3.18,-3.48,7.94,2,634,122.86
688623,双元科技,1,1.688623,2026-01-15,106.35,105.29,110.40,103.98,13829,146473583.00,6.05,-0.73,-0.77,7.22,2,634,122.86
688623,双元科技,1,1.688623,2026-01-16,104.94,107.90,109.75,103.00,21636,230895474.00,6.41,2.48,2.61,11.30,2,634,122.86
688623,双元科技,1,1.688623,2026-01-19,110.00,110.25,113.00,105.08,21915,240174052.00,7.34,2.18,2.35,11.45,2,635,105.29
688623,双元科技,1,1.688623,2026-01-20,110.25,112.98,115.00,110.25,15060,170039756.00,4.31,2.48,2.73,7.87,2,636,107.9
688623,双元科技,1,1.688623,2026-01-21,112.20,114.59,114.59,110.02,9469,106474508.00,4.04,1.43,1.61,4.95,2,637,110.25
